ID_MUNICIP;BRANCA;PRETA;AMARELA;PARDA;INDIGENA;IGNORADO_RACA;MASCULINO;IGNORADO_SEXO;FEMININO;1TRIMESTRE;2TRIMESTRE;3TRIMESTRE;IDADE_GESTANTE_IGNORADA;NAO;NAO_APLICA;IGNORADO_GESTANTE;LABORATORIAL;CLINICO_EPIDEMIOLOGICO;CLINICO
110002;0;0;0;0;0;1;1;0;0;0;0;0;0;0;1;0;0;1;0
110004;2;0;0;0;0;0;2;0;0;0;0;0;0;0;2;0;0;2;0
110006;1;0;0;0;0;0;1;0;0;0;0;1;0;0;0;0;0;1;0
110010;2;0;0;4;0;0;3;0;3;0;0;1;0;1;3;1;0;6;0
110020;43;7;1;67;0;6;78;0;46;3;12;9;0;29;62;9;78;26;20
110148;1;0;0;0;0;0;1;0;0;0;0;0;0;1;0;0;0;1;0
120010;2;2;0;4;0;0;6;0;2;0;0;0;0;5;2;1;8;0;0
120020;0;1;0;7;1;2;5;0;6;0;0;0;0;5;6;0;11;0;0
120040;73;7;1;245;0;20;219;0;127;13;16;22;1;126;155;13;344;0;2
120070;3;0;0;1;0;0;3;0;1;0;0;1;0;2;1;0;4;0;0
130170;0;0;0;2;0;0;1;0;1;0;0;0;0;1;1;0;2;0;0
130195;0;0;0;0;0;4;3;0;1;0;0;0;0;0;4;0;3;1;0
130250;0;0;0;6;0;0;5;0;1;2;0;2;0;0;1;1;1;5;0
130260;168;18;11;282;5;40;371;0;153;25;63;63;2;119;217;35;391;131;2
130360;0;0;0;0;2;0;0;0;2;0;0;0;0;0;2;0;2;0;0
130406;6;0;0;7;1;2;11;0;5;3;2;0;2;3;6;0;16;0;0
130420;1;0;0;3;0;0;3;0;1;0;1;2;0;0;1;0;4;0;0
140010;25;2;1;44;5;2;50;0;29;5;5;5;0;16;48;0;58;21;0
150060;0;0;0;2;0;0;2;0;0;0;0;0;0;2;0;0;1;1;0
150080;32;2;3;106;0;40;114;0;69;1;6;8;0;55;102;11;101;81;1
150130;0;0;0;10;0;4;8;0;6;0;0;0;0;5;8;1;13;1;0
150140;416;42;5;556;1;215;732;0;503;11;42;37;4;462;645;34;704;527;4
150150;0;0;0;3;0;0;3;0;0;0;1;0;0;1;0;1;3;0;0
150190;0;0;0;1;0;0;1;0;0;0;0;0;0;0;0;1;0;1;0
150210;0;0;0;1;0;0;1;0;0;0;1;0;0;0;0;0;1;0;0
150220;1;0;0;0;0;0;0;0;1;0;0;0;0;0;1;0;0;1;0
150240;7;0;0;7;0;2;8;0;8;0;0;0;0;6;10;0;13;3;0
150270;0;0;0;4;0;1;4;0;1;0;0;0;0;3;2;0;3;2;0
150275;0;0;0;1;0;0;1;0;0;0;0;0;0;0;1;0;0;0;1
150345;0;0;0;1;0;0;0;0;1;0;0;0;0;0;1;0;1;0;0
150442;6;0;0;27;0;3;19;0;17;1;0;0;0;13;22;0;31;5;0
150613;4;0;0;5;0;1;5;0;5;0;0;0;0;4;6;0;3;7;0
150620;2;0;0;4;0;1;7;0;0;0;0;0;0;4;3;0;5;2;0
150635;1;1;0;7;0;3;6;0;6;0;1;1;0;2;8;0;6;6;0
150650;2;0;0;0;0;1;2;0;1;0;0;0;0;2;1;0;2;1;0
150680;0;0;0;1;0;0;1;0;0;0;0;0;0;1;0;0;1;0;0
150700;0;1;0;1;0;1;2;0;1;0;0;0;0;2;1;0;3;0;0
150795;1;0;0;2;0;0;3;0;0;0;0;2;0;0;1;0;3;0;0
150808;0;0;0;1;0;0;1;0;0;0;0;0;0;1;0;0;1;0;0
150810;1;0;0;1;0;0;1;0;1;0;0;0;0;1;1;0;2;0;0
160030;9;1;0;25;0;1;26;0;10;2;9;0;0;10;14;1;31;0;5
160060;0;0;0;2;0;0;2;0;0;0;1;0;0;0;1;0;2;0;0
170210;2;0;0;10;0;0;6;0;6;0;0;0;0;4;8;0;2;9;1
170550;1;0;0;0;0;0;1;0;0;0;0;0;0;0;1;0;1;0;0
170820;5;0;4;17;5;0;14;0;17;0;0;0;0;12;19;0;3;28;0
170950;0;0;0;1;6;0;3;0;4;1;0;0;0;0;6;0;1;5;1
171610;1;0;0;0;0;0;1;0;0;0;1;0;0;0;0;0;1;0;0
172100;39;2;0;51;2;1;57;0;38;2;7;5;0;37;44;0;60;20;15
210530;1;0;0;1;0;0;2;0;0;0;0;0;0;1;1;0;0;2;0
211130;88;8;2;52;0;9;83;0;76;2;3;3;0;64;83;4;114;45;0
220390;1;0;0;0;0;0;1;0;0;0;0;0;0;1;0;0;1;0;0
221100;141;44;1;227;3;19;254;0;181;5;7;7;1;210;203;2;426;8;1
230410;1;0;0;0;0;0;1;0;0;0;0;0;0;1;0;0;1;0;0
230440;94;5;2;65;1;27;122;0;72;9;10;5;4;68;85;13;161;33;0
231130;3;0;0;5;0;0;7;0;1;0;0;0;0;6;2;0;6;2;0
231240;1;0;0;0;0;0;1;0;0;0;1;0;0;0;0;0;1;0;0
231290;1;0;0;4;0;2;3;0;4;0;0;0;0;2;5;0;6;1;0
240200;10;2;0;2;0;1;9;0;6;0;0;2;0;4;6;3;7;7;1
240260;0;1;0;1;0;0;2;0;0;0;0;0;0;1;1;0;0;2;0
240325;17;3;0;14;1;10;35;0;10;6;9;7;0;5;13;5;13;26;6
240450;0;0;0;1;0;0;1;0;0;0;0;0;0;1;0;0;1;0;0
240580;9;3;0;5;0;1;10;0;8;0;0;1;0;8;9;0;0;17;1
240800;11;0;0;15;0;2;16;0;12;0;0;2;1;11;12;2;13;12;3
240810;741;37;12;568;1;328;1034;1;652;21;65;38;7;387;844;325;270;1375;42
241120;5;2;0;10;0;0;11;0;6;0;0;0;0;7;7;3;2;15;0
241150;1;0;0;0;0;0;1;0;0;1;0;0;0;0;0;0;0;1;0
241260;2;0;0;0;0;0;2;0;0;0;0;0;0;1;1;0;0;1;1
250400;19;0;0;9;0;0;15;0;13;0;1;0;0;13;14;0;19;9;0
250750;78;6;0;48;0;5;85;0;52;1;5;8;0;60;62;1;110;27;0
251080;1;0;0;1;0;0;1;0;1;0;0;0;0;1;1;0;1;1;0
260190;0;0;0;1;0;0;0;0;1;0;0;0;0;0;1;0;1;0;0
260290;1;0;0;0;0;0;1;0;0;0;0;0;0;1;0;0;0;1;0
260410;7;0;0;4;0;3;9;0;5;0;0;0;0;6;6;2;12;2;0
260600;0;0;0;1;0;0;1;0;0;0;0;0;0;0;0;1;0;1;0
260620;4;1;0;5;0;0;3;0;7;0;0;0;0;2;8;0;1;9;0
260790;0;1;0;3;0;1;2;0;3;0;0;0;0;1;4;0;2;3;0
260795;0;0;0;1;0;0;1;0;0;0;0;0;0;1;0;0;1;0;0
260960;9;0;0;4;0;12;13;0;12;0;1;0;0;7;12;5;5;20;0
261000;1;0;0;1;0;0;2;0;0;0;0;0;0;2;0;0;1;0;1
261090;0;0;0;0;1;0;1;0;0;0;1;0;0;0;0;0;1;0;0
261110;1;0;0;0;0;0;1;0;0;0;0;0;0;1;0;0;0;0;1
261160;263;24;3;202;1;205;443;3;252;13;37;27;2;210;298;111;477;140;81
261650;1;0;0;0;0;0;0;0;1;0;0;0;0;0;1;0;1;0;0
270430;46;1;0;61;0;3;56;0;55;1;5;5;0;41;59;0;103;2;6
280030;42;3;0;20;0;2;24;0;43;1;0;1;0;20;45;0;61;6;0
290030;0;0;0;1;0;0;1;0;0;0;0;0;0;1;0;0;1;0;0
290070;0;0;0;1;0;2;3;0;0;0;0;0;0;1;1;1;3;0;0
290080;1;0;0;0;0;0;0;0;1;0;0;0;0;0;1;0;1;0;0
290320;5;0;0;3;0;2;5;0;5;0;0;0;0;4;6;0;10;0;0
290390;0;0;0;0;0;1;1;0;0;0;0;1;0;0;0;0;1;0;0
290460;1;0;0;0;0;0;0;0;1;0;0;0;0;0;1;0;1;0;0
290570;1;0;0;0;0;0;0;0;1;0;0;0;0;0;1;0;1;0;0
290600;0;0;0;1;0;0;1;0;0;0;0;1;0;0;0;0;1;0;0
290650;1;0;0;1;0;0;1;0;1;0;0;1;0;0;1;0;1;0;1
290810;1;1;0;0;0;0;0;0;2;0;0;0;0;0;2;0;2;0;0
291010;1;0;0;1;1;0;3;0;0;0;0;1;0;2;0;0;3;0;0
291060;0;0;0;0;0;2;2;0;0;0;0;1;0;0;0;1;2;0;0
291072;2;0;0;1;0;0;2;0;1;0;0;0;0;1;2;0;3;0;0
291080;13;4;0;15;1;11;29;0;15;1;2;0;0;17;19;5;42;2;0
291170;6;0;0;6;0;6;10;0;8;1;2;1;0;1;9;4;18;0;0
291270;0;0;0;1;0;0;0;0;1;0;0;0;0;0;1;0;1;0;0
291340;2;0;0;1;0;0;3;0;0;0;0;0;0;2;1;0;3;0;0
291345;0;1;0;0;0;0;1;0;0;0;0;0;0;1;0;0;1;0;0
291360;3;1;0;0;0;0;4;0;0;0;0;0;0;1;1;2;4;0;0
291460;0;0;0;1;0;0;0;0;1;0;0;0;0;0;1;0;1;0;0
291480;3;2;0;6;0;5;9;0;7;0;2;0;0;5;9;0;16;0;0
291520;1;0;0;0;0;0;1;0;0;0;0;0;0;1;0;0;1;0;0
291733;0;4;0;5;0;0;1;0;8;0;0;0;0;0;8;1;9;0;0
291750;1;0;0;0;0;0;0;0;1;0;0;0;0;0;1;0;0;1;0
291800;0;0;0;1;0;2;3;0;0;0;0;0;0;2;0;1;3;0;0
291915;0;0;0;1;0;0;1;0;0;0;0;0;0;1;0;0;1;0;0
291920;12;2;0;8;0;8;16;0;14;1;1;0;1;6;16;5;29;0;1
292120;2;0;0;0;0;0;1;0;1;0;0;0;0;1;1;0;2;0;0
292200;0;1;0;0;0;0;0;0;1;0;0;0;0;0;1;0;1;0;0
292400;1;0;0;0;0;0;0;0;1;0;0;0;0;0;1;0;0;1;0
292530;6;1;0;2;1;5;10;0;5;0;1;0;0;3;6;5;14;0;1
292660;0;0;0;1;0;0;1;0;0;0;1;0;0;0;0;0;1;0;0
292720;1;0;0;0;0;0;1;0;0;0;0;0;0;1;0;0;1;0;0
292740;310;48;8;181;5;286;478;1;359;12;20;17;2;173;456;158;804;11;23
292860;0;0;0;1;0;0;1;0;0;0;0;0;0;1;0;0;1;0;0
292870;0;0;0;2;0;1;1;0;2;0;0;0;0;1;2;0;2;0;1
293010;0;0;0;1;0;0;1;0;0;0;0;0;0;0;1;0;1;0;0
293135;1;3;0;7;0;1;8;0;4;0;2;1;0;2;6;1;10;1;1
293260;0;0;0;1;0;0;1;0;0;1;0;0;0;0;0;0;1;0;0
293290;0;0;0;1;0;0;1;0;0;0;0;0;0;1;0;0;1;0;0
293330;6;1;0;6;1;3;8;0;9;0;1;1;0;2;11;2;17;0;0
310010;5;0;0;1;0;0;5;0;1;0;1;0;0;4;1;0;6;0;0
310020;1;0;0;1;0;0;2;0;0;0;0;0;0;1;1;0;2;0;0
310030;1;0;0;0;0;0;1;0;0;0;0;1;0;0;0;0;0;0;1
310130;1;0;0;0;0;0;1;0;0;0;0;0;0;1;0;0;0;0;1
310150;17;4;0;3;0;0;15;0;9;0;1;1;0;10;9;3;6;0;18
310160;44;6;0;6;0;4;32;0;28;0;0;2;1;12;41;4;58;0;2
310163;3;0;0;1;0;0;2;0;2;0;2;0;0;0;2;0;2;1;1
310200;1;0;0;0;0;1;1;0;1;0;0;0;0;0;2;0;2;0;0
310230;22;7;0;2;0;5;13;0;23;0;0;1;0;9;25;1;14;22;0
310260;7;0;0;1;0;0;7;0;1;1;0;1;0;4;2;0;2;0;6
310280;5;3;0;0;0;0;5;0;3;1;0;0;0;2;5;0;1;0;7
310290;2;0;0;2;0;0;3;0;1;0;0;0;0;3;1;0;1;3;0
310340;0;2;0;1;0;0;1;0;2;1;0;0;0;0;2;0;3;0;0
310350;15;1;0;2;0;0;15;0;3;0;1;1;0;9;6;1;11;0;7
310375;5;0;0;0;0;1;5;0;1;0;0;0;0;4;2;0;2;1;3
310400;14;4;0;3;0;0;10;0;11;0;0;0;0;8;12;1;13;0;8
310420;1;0;0;0;0;0;0;0;1;0;0;0;0;0;1;0;1;0;0
310430;2;0;0;0;0;1;1;0;2;0;0;0;0;0;3;0;3;0;0
310440;1;0;0;0;0;0;0;0;1;0;0;0;0;0;1;0;0;0;1
310450;1;0;0;4;0;0;2;0;3;0;0;0;0;2;3;0;0;1;4
310460;1;0;0;0;0;0;1;0;0;0;0;0;0;1;0;0;1;0;0
310490;7;0;0;0;0;0;6;0;1;0;0;0;0;5;2;0;2;0;5
310540;19;5;0;17;0;4;24;0;21;1;2;1;0;12;24;5;4;0;41
310560;50;4;0;12;0;4;36;0;34;3;2;4;0;13;46;2;45;14;11
310590;4;1;0;0;0;0;2;0;3;0;0;1;0;0;4;0;3;0;2
310620;1329;237;31;741;3;1253;2064;0;1530;65;158;131;32;861;1978;369;1661;1664;269
310670;97;20;2;113;1;296;343;1;185;26;36;32;8;170;243;14;38;491;0
310690;3;1;0;2;0;1;5;0;2;0;1;1;0;3;2;0;4;0;3
310710;62;7;0;10;0;0;40;0;39;1;0;1;0;28;47;2;5;0;74
310730;1;0;0;0;0;0;1;0;0;0;0;0;0;0;0;1;0;1;0
310740;7;0;0;1;0;0;5;0;3;0;0;0;0;3;5;0;5;0;3
310750;0;0;0;2;0;0;1;0;1;0;0;0;0;1;1;0;2;0;0
310780;1;0;0;0;0;0;1;0;0;0;0;0;0;1;0;0;1;0;0
310800;1;1;0;2;0;0;3;0;1;0;0;0;0;1;3;0;1;0;3
310830;2;0;0;0;0;1;1;0;2;0;0;0;0;0;3;0;3;0;0
310840;2;0;0;1;0;0;0;0;3;0;0;0;0;0;3;0;3;0;0
310870;2;0;0;0;0;0;2;0;0;0;0;0;0;0;2;0;1;1;0
310890;4;0;0;0;0;0;3;0;1;0;0;0;0;3;1;0;1;0;3
310900;2;0;0;0;0;1;1;0;2;0;0;0;0;1;2;0;3;0;0
310940;1;0;0;0;0;0;1;0;0;0;0;0;0;1;0;0;1;0;0
310990;2;1;0;0;0;1;3;0;1;1;0;0;0;0;2;1;1;1;2
311000;0;0;0;1;0;1;2;0;0;0;1;1;0;0;0;0;0;2;0
311030;2;0;0;0;0;1;1;0;2;0;0;0;0;1;2;0;1;0;2
311050;2;0;0;0;0;0;2;0;0;0;0;0;0;0;2;0;2;0;0
311060;12;0;0;0;1;0;6;0;7;0;0;0;0;2;11;0;7;1;5
311100;4;0;0;0;0;0;1;0;3;0;0;0;0;1;3;0;3;0;1
311120;10;2;0;0;0;0;8;0;4;0;1;0;0;5;6;0;4;0;8
311130;1;0;0;0;0;0;1;0;0;0;0;0;0;0;0;1;1;0;0
311140;1;0;0;0;0;0;1;0;0;0;0;0;0;1;0;0;1;0;0
311150;2;1;0;2;0;0;4;0;1;0;1;0;0;2;1;1;5;0;0
311180;6;0;0;2;0;0;6;0;2;0;0;0;0;5;3;0;1;0;7
311260;1;0;0;0;0;0;1;0;0;0;0;0;0;0;1;0;0;0;1
311265;0;0;0;1;0;0;0;0;1;0;0;0;0;0;1;0;1;0;0
311280;1;0;0;0;0;0;0;0;1;0;0;0;0;0;1;0;1;0;0
311300;1;0;0;0;0;0;0;0;1;0;0;0;0;0;1;0;1;0;0
311320;6;1;1;4;0;5;7;0;10;1;0;1;0;2;13;0;3;12;2
311330;20;1;0;3;0;1;11;0;14;0;0;3;0;7;15;0;23;1;1
311340;4;2;0;3;0;1;8;0;2;0;0;2;0;5;3;0;10;0;0
311370;2;0;0;1;0;0;1;0;2;0;0;0;0;1;2;0;1;2;0
311400;0;0;0;1;0;0;0;0;1;0;0;0;0;0;1;0;1;0;0
311420;1;0;0;0;0;0;1;0;0;0;0;1;0;0;0;0;1;0;0
311430;8;1;0;2;0;3;4;0;10;0;2;0;0;1;11;0;10;3;1
311440;1;0;0;0;0;0;0;0;1;0;0;0;0;0;1;0;1;0;0
311450;1;0;0;0;0;0;1;0;0;0;1;0;0;0;0;0;0;0;1
311480;0;0;0;0;0;1;1;0;0;0;0;0;0;0;0;1;0;0;1
311510;1;0;0;0;0;1;0;0;2;0;0;0;0;0;2;0;2;0;0
311520;1;0;0;0;0;0;1;0;0;0;0;0;0;1;0;0;1;0;0
311530;14;4;0;1;0;4;14;0;9;0;1;3;0;7;11;1;16;1;6
311540;1;0;0;0;0;0;1;0;0;0;1;0;0;0;0;0;1;0;0
311550;2;0;0;0;0;0;2;0;0;0;0;0;0;1;1;0;1;0;1
311570;2;1;0;0;0;0;0;0;3;0;0;0;0;0;3;0;1;1;1
311580;1;0;0;0;0;0;0;0;1;0;0;0;0;0;1;0;1;0;0
311630;0;1;0;0;0;0;0;0;1;0;0;0;0;0;1;0;0;0;1
311660;2;0;0;2;0;0;4;0;0;0;2;0;0;2;0;0;2;0;2
311710;4;1;0;0;0;0;5;0;0;0;1;0;0;3;1;0;5;0;0
311730;1;0;1;1;0;1;3;0;1;0;0;0;0;3;1;0;4;0;0
311770;1;0;0;1;0;1;2;0;1;0;0;0;0;1;2;0;1;0;2
311780;2;0;0;0;0;0;2;0;0;0;0;0;0;1;0;1;0;1;1
311800;10;8;0;10;0;22;27;0;23;0;2;3;1;12;31;1;7;26;17
311830;32;4;0;13;0;6;31;0;24;0;3;4;0;16;28;4;35;15;5
311840;2;0;0;0;0;0;1;0;1;0;0;0;0;1;1;0;1;0;1
311860;152;50;3;128;1;396;413;0;317;10;26;15;5;87;394;193;51;678;1
311870;1;0;0;0;0;1;2;0;0;0;0;0;1;0;1;0;1;0;1
311890;1;0;0;0;0;0;0;0;1;0;0;0;0;0;1;0;1;0;0
311930;2;0;0;0;0;1;2;0;1;0;0;0;0;2;1;0;2;0;1
311940;4;2;0;1;0;2;2;0;7;0;0;0;0;2;7;0;9;0;0
312040;0;0;0;0;0;1;0;0;1;0;0;0;0;0;1;0;1;0;0
312050;10;1;0;2;0;0;7;0;6;0;2;0;0;3;8;0;0;0;13
312080;46;6;0;6;0;1;33;0;26;2;1;3;0;22;31;0;6;4;49
312090;13;1;0;6;0;7;20;0;7;2;4;2;1;8;10;0;3;0;24
312120;1;0;0;0;0;0;0;0;1;0;0;0;0;0;1;0;1;0;0
312130;1;0;0;0;0;0;1;0;0;0;0;0;0;1;0;0;1;0;0
312140;1;0;0;0;0;0;0;0;1;0;0;0;0;0;1;0;1;0;0
312150;0;0;3;0;0;0;2;0;1;1;0;0;0;1;1;0;3;0;0
312160;3;0;0;1;0;0;2;0;2;0;0;0;0;0;4;0;4;0;0
312190;1;0;0;0;0;0;1;0;0;0;0;0;0;1;0;0;1;0;0
312230;22;0;1;3;0;3;16;0;13;1;2;0;0;9;16;1;20;3;6
312270;1;0;0;0;0;0;1;0;0;0;0;0;0;1;0;0;1;0;0
312340;1;0;0;0;0;0;0;0;1;0;0;0;0;0;1;0;1;0;0
312360;13;0;0;5;0;1;13;0;6;0;0;1;0;5;13;0;3;1;15
312390;11;1;0;8;0;4;11;0;13;1;0;0;0;4;19;0;2;0;22
312400;1;0;0;0;0;1;0;0;2;0;0;0;0;0;2;0;1;1;0
312410;0;0;0;1;0;7;5;0;3;2;0;0;0;1;4;1;1;7;0
312420;2;1;0;1;0;0;3;0;1;0;0;0;0;2;2;0;1;3;0
312430;0;0;0;5;0;0;4;0;1;1;0;1;0;2;1;0;0;3;2
312470;0;0;0;1;0;0;1;0;0;0;0;0;0;1;0;0;1;0;0
312490;4;0;0;0;0;0;1;0;3;1;0;0;0;0;3;0;2;2;0
312510;19;1;0;1;0;0;12;0;9;0;0;0;0;3;16;2;15;0;6
312590;0;0;0;1;0;0;1;0;0;0;0;0;0;1;0;0;0;0;1
312595;2;0;0;1;0;0;2;0;1;0;0;0;0;2;1;0;3;0;0
312610;8;2;0;1;0;1;6;0;6;0;1;0;1;3;6;1;10;0;2
312700;1;1;0;0;0;0;0;0;2;0;0;0;0;0;2;0;1;0;1
312710;4;0;0;0;0;0;2;0;2;0;1;1;0;0;2;0;3;0;1
312740;2;0;0;0;0;0;1;0;1;0;0;0;0;1;1;0;0;0;2
312760;0;0;0;1;0;0;0;0;1;0;0;0;0;0;1;0;1;0;0
312770;19;2;0;28;1;9;32;0;27;0;5;2;0;13;38;1;26;3;30
312800;20;2;3;15;1;3;26;0;18;1;3;1;0;12;24;3;8;0;36
312810;1;0;0;0;0;0;0;0;1;0;0;0;0;0;1;0;1;0;0
312830;1;0;0;0;0;0;1;0;0;0;0;0;0;1;0;0;1;0;0
312840;1;1;0;0;0;0;2;0;0;0;0;0;0;1;0;1;2;0;0
312850;0;0;0;1;0;0;1;0;0;0;0;0;0;1;0;0;0;0;1
312870;7;0;0;0;0;0;0;0;7;0;0;0;0;0;7;0;7;0;0
312880;0;0;0;1;0;0;0;0;1;0;0;0;0;0;1;0;1;0;0
312940;11;1;0;6;0;1;14;0;5;0;1;1;0;10;6;1;3;12;4
312950;3;0;0;0;0;0;2;0;1;0;0;0;0;1;2;0;3;0;0
312960;0;0;0;1;0;0;1;0;0;1;0;0;0;0;0;0;1;0;0
312970;1;0;0;1;0;0;1;0;1;0;0;0;0;1;1;0;2;0;0
312980;1;0;0;0;0;0;1;0;0;0;0;0;0;1;0;0;1;0;0
313050;5;3;0;1;0;0;4;0;5;0;0;0;0;4;5;0;0;0;9
313070;1;0;0;0;0;0;1;0;0;0;0;0;0;0;0;1;1;0;0
313090;1;0;0;2;0;0;2;0;1;0;0;0;0;1;2;0;3;0;0
313120;1;1;0;0;0;0;1;0;1;0;0;0;0;0;1;1;2;0;0
313130;17;1;0;9;0;5;20;0;12;0;3;2;0;9;16;2;32;0;0
313160;1;0;0;0;0;0;1;0;0;0;0;1;0;0;0;0;0;0;1
313170;26;3;3;28;1;3;40;0;24;3;4;5;0;21;27;4;12;1;51
313180;1;0;0;0;0;0;1;0;0;0;0;0;0;1;0;0;1;0;0
313190;2;0;0;1;0;0;2;0;1;0;0;0;0;1;1;1;2;1;0
313220;1;0;1;0;0;0;1;0;1;0;0;0;0;1;1;0;2;0;0
313230;0;2;0;0;0;0;1;0;1;0;0;0;0;1;1;0;0;0;2
313240;21;1;0;1;0;0;12;0;11;0;0;2;0;8;11;2;12;0;11
313270;1;0;0;3;0;0;1;0;3;0;0;0;0;1;3;0;2;2;0
313290;1;0;0;0;0;0;0;0;1;0;0;0;0;0;1;0;1;0;0
313300;1;0;0;1;0;0;1;0;1;0;0;0;0;1;1;0;2;0;0
313310;1;0;0;0;0;0;1;0;0;0;0;0;0;1;0;0;1;0;0
313320;1;0;0;0;0;0;1;0;0;0;0;0;0;1;0;0;1;0;0
313340;3;0;0;4;0;0;4;0;3;0;0;0;0;2;5;0;7;0;0
313350;0;0;0;2;0;0;2;0;0;1;0;0;0;1;0;0;2;0;0
313360;1;0;0;0;0;0;0;0;1;0;0;0;0;0;1;0;1;0;0
313375;2;0;0;0;0;0;2;0;0;0;0;1;0;1;0;0;2;0;0
313380;9;0;0;4;0;1;9;0;5;0;2;0;0;3;9;0;11;1;2
313400;0;0;0;2;0;0;0;0;2;0;0;0;0;0;2;0;2;0;0
313420;137;11;2;22;0;0;95;0;77;4;2;2;0;80;81;3;35;2;135
313430;8;2;0;1;0;0;5;0;6;0;1;1;0;2;7;0;0;0;11
313440;2;0;1;0;0;0;1;0;2;0;0;0;0;1;2;0;2;0;1
313460;5;0;0;2;0;0;5;0;2;0;0;0;0;2;5;0;1;6;0
313490;2;0;0;0;0;0;1;0;1;0;0;0;0;1;1;0;1;0;1
313510;2;0;0;2;0;4;5;0;3;0;0;0;0;1;6;1;1;3;4
313520;0;0;0;1;0;0;1;0;0;0;0;1;0;0;0;0;1;0;0
313540;1;0;0;1;0;0;2;0;0;0;0;0;0;1;1;0;1;1;0
313620;18;2;0;8;0;8;23;0;13;2;3;1;0;12;17;1;11;0;25
313665;1;0;0;0;0;1;1;0;1;0;0;0;0;1;1;0;1;1;0
313670;333;50;0;52;1;59;280;0;215;12;16;16;2;175;259;15;128;10;357
313700;0;0;0;1;0;0;1;0;0;0;0;1;0;0;0;0;0;0;1
313760;0;0;0;0;0;1;0;0;1;0;0;0;0;0;1;0;1;0;0
313780;7;0;0;0;0;0;3;0;4;0;0;0;0;3;4;0;4;0;3
313820;126;18;4;18;0;7;81;0;92;5;2;4;1;54;107;0;42;0;131
313840;13;0;0;3;0;0;8;0;8;0;1;1;0;2;11;1;7;2;7
313850;1;1;0;0;0;0;1;0;1;0;0;0;0;1;1;0;2;0;0
313860;5;0;0;2;0;0;6;0;1;1;0;1;0;3;2;0;4;0;3
313880;1;0;0;0;0;0;1;0;0;0;0;0;0;1;0;0;1;0;0
313900;1;0;0;0;0;1;1;0;1;0;1;0;0;0;1;0;2;0;0
313940;7;0;0;7;0;0;9;0;5;0;1;0;0;7;6;0;13;0;1
313950;2;0;0;1;1;0;3;0;1;0;0;0;0;1;1;2;4;0;0
313960;3;0;0;0;0;0;2;0;1;0;0;0;0;2;1;0;1;0;2
313980;4;2;0;1;0;0;4;0;3;0;0;0;0;2;5;0;4;0;3
313990;4;0;0;0;0;0;1;0;3;0;0;0;0;0;4;0;2;0;2
314000;15;1;1;5;0;0;16;0;6;2;6;2;0;5;7;0;1;21;0
314050;0;0;0;0;0;1;1;0;0;0;0;0;0;1;0;0;1;0;0
314080;12;1;0;1;0;2;7;0;9;0;0;0;0;6;10;0;4;1;11
314110;1;0;0;1;0;0;0;0;2;0;0;0;0;0;2;0;0;2;0
314140;0;0;0;1;0;0;0;0;1;0;0;0;0;0;1;0;1;0;0
314190;1;0;0;0;0;0;0;0;1;0;0;0;0;0;1;0;1;0;0
314210;1;0;0;0;0;0;0;0;1;0;0;0;0;0;1;0;1;0;0
314280;17;1;0;3;0;0;14;0;7;0;1;2;0;6;10;2;7;0;14
314310;10;2;0;2;0;4;5;0;13;0;2;1;0;0;14;1;6;0;12
314320;1;0;0;0;0;0;1;0;0;0;0;0;0;0;1;0;1;0;0
314330;18;6;0;15;0;15;29;0;25;1;3;3;1;14;31;1;40;9;5
314340;5;1;0;0;0;0;5;0;1;0;0;0;0;5;1;0;4;0;2
314390;11;0;0;1;0;1;10;0;3;1;0;1;0;6;4;1;5;8;0
314400;0;0;0;0;0;1;0;0;1;0;0;0;0;0;1;0;1;0;0
314410;6;0;0;0;0;0;3;0;3;0;0;0;0;2;4;0;6;0;0
314460;7;2;0;0;0;0;4;0;5;0;0;0;0;1;8;0;8;0;1
314470;0;1;0;0;0;1;2;0;0;0;1;0;0;1;0;0;1;0;1
314480;62;8;0;40;0;46;78;0;78;2;3;4;0;21;102;24;29;126;1
314500;1;0;0;0;0;0;1;0;0;1;0;0;0;0;0;0;1;0;0
314520;1;0;0;0;0;1;1;0;1;0;0;0;0;0;2;0;0;0;2
314530;5;7;0;11;0;1;15;0;9;0;0;1;0;11;11;1;10;14;0
314535;3;0;0;0;0;1;2;0;2;0;0;0;0;1;3;0;4;0;0
314560;3;1;0;0;0;1;3;0;2;0;0;0;0;1;4;0;4;1;0
314587;1;0;0;1;0;0;0;0;2;0;0;0;0;0;2;0;2;0;0
314590;13;6;1;26;0;6;33;0;19;1;2;4;3;2;36;4;10;32;10
314600;4;0;0;1;0;0;2;0;3;0;0;0;0;0;5;0;3;0;2
314610;1;1;0;1;0;1;3;0;1;0;1;1;0;0;2;0;1;0;3
314630;1;0;0;2;0;0;1;0;2;0;0;0;0;1;2;0;0;0;3
314660;1;0;0;0;0;0;1;0;0;0;0;0;0;1;0;0;1;0;0
314670;3;0;0;1;0;0;4;0;0;0;0;0;0;1;3;0;4;0;0
314675;0;0;0;1;0;0;1;0;0;0;0;0;0;1;0;0;1;0;0
314690;3;0;0;3;0;2;6;0;2;0;0;1;0;2;4;1;0;0;8
314700;3;0;0;6;0;2;5;0;6;0;0;0;0;3;7;1;2;0;9
314710;3;1;0;4;0;0;8;0;0;0;0;2;0;6;0;0;8;0;0
314720;1;0;0;0;0;0;0;0;1;0;0;0;0;0;1;0;1;0;0
314730;1;0;0;0;0;0;1;0;0;0;0;0;0;1;0;0;1;0;0
314740;1;0;0;0;0;2;2;0;1;0;0;0;0;1;2;0;1;2;0
314760;1;0;0;2;0;0;3;0;0;0;2;0;0;0;1;0;1;0;2
314790;15;1;0;3;0;2;13;0;8;1;0;2;0;9;9;0;19;1;1
314800;29;3;0;5;0;2;23;0;16;1;0;4;0;13;21;0;31;6;2
314810;20;1;1;0;0;10;13;1;18;0;0;0;1;4;21;6;13;0;19
314820;1;0;0;1;0;0;1;0;1;0;0;0;0;1;1;0;2;0;0
314840;1;0;0;1;0;0;2;0;0;0;0;0;0;0;2;0;0;0;2
314875;0;0;0;1;0;0;0;0;1;0;0;0;0;0;1;0;1;0;0
314890;1;0;0;0;0;0;0;0;1;0;0;0;0;0;1;0;1;0;0
314930;6;0;0;6;0;8;14;0;6;0;0;0;0;7;9;4;1;19;0
314950;7;0;0;0;0;0;4;0;3;0;0;1;0;3;3;0;2;0;5
314980;0;0;0;0;0;1;1;0;0;0;0;0;0;0;0;1;1;0;0
314990;9;3;0;1;0;0;6;0;7;0;0;0;0;3;9;1;3;0;10
315070;1;1;0;1;0;0;1;0;2;0;0;0;0;0;3;0;3;0;0
315110;1;0;0;0;0;0;1;0;0;0;0;0;0;1;0;0;0;0;1
315120;1;1;0;3;0;2;4;0;3;1;0;0;0;2;4;0;7;0;0
315140;1;0;0;1;0;0;0;0;2;0;0;0;0;0;2;0;2;0;0
315150;2;0;0;0;0;0;0;0;2;0;0;0;0;0;2;0;2;0;0
315180;67;2;0;4;0;105;90;0;88;3;2;4;3;62;100;4;29;148;1
315190;1;0;0;0;0;0;0;0;1;0;0;0;0;0;1;0;0;0;1
315200;3;0;0;2;0;0;5;0;0;0;0;4;0;1;0;0;1;0;4
315210;8;1;0;3;0;0;7;0;5;1;0;1;0;3;6;1;12;0;0
315217;0;0;0;2;0;0;2;0;0;0;0;0;0;2;0;0;2;0;0
315240;0;1;0;0;0;0;1;0;0;0;0;0;0;1;0;0;0;1;0
315250;56;0;1;3;0;2;30;0;32;0;1;1;0;23;34;3;32;3;27
315260;2;0;0;0;0;0;2;0;0;1;1;0;0;0;0;0;0;0;2
315280;4;0;0;1;0;0;4;0;1;0;1;0;0;3;1;0;2;0;3
315310;1;0;0;0;0;0;0;0;1;0;0;0;0;0;1;0;1;0;0
315380;0;0;0;1;0;0;0;0;1;0;0;0;0;0;1;0;1;0;0
315390;0;0;0;0;0;1;1;0;0;0;0;0;0;0;1;0;0;1;0
315400;8;1;0;3;0;0;5;0;7;0;0;0;0;0;11;1;12;0;0
315430;1;0;0;1;1;0;0;0;3;0;0;0;0;0;3;0;2;0;1
315440;0;2;0;0;0;0;2;0;0;0;0;0;0;0;0;2;2;0;0
315460;11;3;2;25;0;37;48;0;30;5;7;6;0;10;48;2;9;66;3
315480;0;0;0;1;0;0;0;0;1;0;0;0;0;0;1;0;0;1;0
315490;0;0;0;1;0;0;1;0;0;0;0;0;0;1;0;0;1;0;0
315520;0;1;0;1;0;0;2;0;0;0;0;0;0;0;1;1;1;1;0
315570;0;0;0;1;0;0;1;0;0;0;0;0;0;0;1;0;0;0;1
315580;0;1;0;1;0;0;1;0;1;0;0;0;0;1;1;0;2;0;0
315600;3;0;0;1;0;0;2;0;2;0;0;0;0;2;2;0;3;0;1
315610;1;0;0;0;0;0;1;0;0;0;0;0;0;0;1;0;1;0;0
315640;1;0;0;0;0;0;1;0;0;0;0;0;0;1;0;0;1;0;0
315670;7;3;0;2;0;7;12;0;7;0;1;0;0;5;10;3;3;16;0
315680;0;0;0;1;0;0;1;0;0;0;0;0;0;1;0;0;1;0;0
315690;10;2;0;1;0;1;8;0;6;0;0;1;0;6;6;1;14;0;0
315720;27;7;3;27;2;37;63;0;40;5;2;2;0;33;58;3;1;0;102
315730;0;0;0;1;0;0;1;0;0;0;0;1;0;0;0;0;0;1;0
315770;2;0;0;0;0;0;2;0;0;0;2;0;0;0;0;0;2;0;0
315780;15;5;0;10;0;7;13;0;24;0;0;0;0;10;27;0;5;32;0
315830;1;0;0;0;0;0;1;0;0;0;1;0;0;0;0;0;1;0;0
315840;1;0;0;1;0;0;0;0;2;0;0;0;0;0;2;0;1;0;1
315850;1;0;0;0;0;0;1;0;0;0;0;0;0;1;0;0;0;0;1
315870;3;0;0;0;0;0;1;0;2;0;0;0;0;1;2;0;2;1;0
315930;2;0;0;0;0;0;0;0;2;0;0;0;0;0;2;0;1;0;1
315960;4;0;0;0;0;0;2;0;2;0;0;0;0;1;3;0;2;0;2
315990;2;0;0;0;0;2;3;0;1;0;0;0;0;3;1;0;4;0;0
316040;5;1;0;2;0;1;5;0;4;0;1;1;0;3;4;0;6;0;3
316070;9;0;0;2;0;0;3;0;8;0;0;1;0;2;8;0;1;3;7
316090;0;0;0;1;0;0;1;0;0;0;0;0;0;0;1;0;0;1;0
316100;1;0;0;0;0;0;1;0;0;0;0;0;0;1;0;0;0;0;1
316110;0;0;0;1;0;0;1;0;0;0;0;0;0;1;0;0;0;0;1
316130;0;0;0;1;0;0;1;0;0;0;0;0;0;1;0;0;1;0;0
316150;2;0;0;0;0;0;1;0;1;0;0;0;0;1;1;0;0;2;0
316190;7;1;0;8;0;1;9;0;8;1;1;1;0;4;10;0;2;1;14
316210;3;0;0;1;0;0;2;0;2;0;1;0;0;1;2;0;2;2;0
316250;26;7;2;2;0;1;15;0;23;0;0;0;0;11;26;1;23;0;15
316255;2;0;0;1;0;1;3;0;1;0;0;0;0;3;1;0;3;0;1
316270;1;0;0;0;0;0;1;0;0;0;0;0;0;0;1;0;1;0;0
316280;3;0;0;1;0;1;2;0;3;0;0;0;0;1;4;0;5;0;0
316290;20;8;0;8;0;3;23;0;16;0;2;0;0;17;19;1;7;0;32
316370;26;2;0;4;0;0;18;0;14;0;3;2;0;11;16;0;12;0;20
316400;0;0;0;1;0;0;0;0;1;0;0;0;0;0;1;0;1;0;0
316447;0;0;0;1;0;0;1;0;0;0;0;0;0;1;0;0;1;0;0
316470;11;0;1;0;0;0;8;0;4;0;1;0;0;3;8;0;12;0;0
316490;1;0;0;0;0;0;0;0;1;0;0;0;0;0;1;0;1;0;0
316540;1;0;0;0;0;0;0;0;1;0;0;0;0;0;1;0;1;0;0
316553;9;2;0;6;0;1;13;0;5;0;1;0;0;5;10;2;2;15;1
316610;1;0;0;0;0;0;0;0;1;0;0;0;0;0;1;0;0;1;0
316620;3;0;0;1;0;0;3;0;1;0;0;0;0;2;2;0;2;2;0
316720;53;12;3;54;0;61;104;0;79;7;7;12;7;37;105;8;28;12;143
316810;1;0;0;0;0;0;1;0;0;0;0;0;0;0;0;1;1;0;0
316840;0;0;0;1;0;0;0;0;1;0;0;0;0;0;1;0;1;0;0
316860;6;0;0;4;0;3;6;0;7;0;1;0;0;4;8;0;9;3;1
316870;4;1;0;1;0;2;3;0;5;0;0;1;0;2;5;0;6;0;2
316880;1;0;0;0;0;0;1;0;0;0;0;0;0;1;0;0;1;0;0
316890;1;0;0;0;0;0;0;0;1;0;0;0;0;0;1;0;0;1;0
316900;0;1;0;0;0;0;0;0;1;0;0;0;0;0;1;0;1;0;0
316910;1;0;0;0;0;0;1;0;0;0;0;0;0;1;0;0;0;0;1
316920;1;0;0;0;0;0;0;0;1;0;0;0;0;0;1;0;0;1;0
316930;77;3;0;13;0;1;55;0;39;2;1;1;0;28;61;1;19;2;73
316935;3;0;0;0;0;0;2;0;1;0;0;0;0;2;1;0;1;0;2
316940;120;17;7;31;0;13;113;0;75;6;3;4;0;82;89;4;73;1;114
316960;7;1;0;1;0;2;4;0;7;0;0;0;0;3;7;1;1;0;10
316990;53;6;1;22;0;6;44;0;44;2;0;3;0;31;52;0;22;65;1
317010;118;19;1;30;0;34;114;0;88;2;7;6;1;68;104;14;83;1;118
317020;181;15;2;39;2;79;186;0;132;9;32;17;4;81;157;18;138;2;178
317040;4;0;0;1;0;0;5;0;0;0;0;0;0;3;1;1;3;0;2
317070;89;8;0;27;0;12;70;0;66;3;4;9;2;24;86;8;57;39;40
317080;0;0;0;1;0;0;1;0;0;0;0;0;0;1;0;0;1;0;0
317120;2;1;0;1;0;6;7;0;3;0;0;0;0;5;4;1;2;8;0
317130;26;5;0;11;0;4;26;0;20;2;2;4;0;13;24;1;45;0;1
317170;2;0;0;0;0;0;2;0;0;0;0;0;0;1;0;1;1;1;0
317180;2;0;0;0;0;0;2;0;0;0;0;0;0;2;0;0;0;0;2
317200;13;4;0;7;0;1;15;0;10;2;1;2;0;8;12;0;15;10;0
320040;1;0;0;0;0;0;0;0;1;0;0;0;0;0;1;0;0;1;0
320060;1;0;0;1;0;2;1;0;3;0;0;0;0;1;3;0;0;1;3
320080;0;0;0;0;0;1;0;0;1;0;0;0;0;0;1;0;1;0;0
320090;0;0;0;1;0;0;1;0;0;0;0;1;0;0;0;0;0;0;1
320120;34;8;0;15;0;5;39;0;23;4;6;6;0;12;30;4;26;10;26
320130;4;1;0;3;0;6;7;0;7;1;1;0;0;3;8;1;7;4;3
320140;4;0;0;1;0;0;3;0;2;0;0;1;0;2;2;0;4;0;1
320150;4;0;0;1;0;1;5;0;1;1;2;0;0;2;1;0;3;1;2
320170;1;0;0;0;0;1;2;0;0;0;0;1;0;1;0;0;1;0;1
320210;0;0;0;2;0;0;1;0;1;0;0;0;0;1;1;0;1;0;1
320220;0;0;0;0;0;1;0;0;1;0;0;0;0;0;1;0;1;0;0
320240;3;0;0;0;0;0;2;1;0;0;0;0;0;2;0;1;2;0;1
320280;2;0;0;1;0;0;1;0;2;0;0;0;0;0;3;0;2;0;1
320300;1;1;0;2;0;0;3;0;1;0;0;1;0;2;1;0;0;0;4
320310;1;0;0;1;0;0;2;0;0;0;1;0;0;1;0;0;1;0;1
320313;2;0;0;0;0;0;0;0;2;0;0;0;0;0;2;0;1;0;1
320320;14;5;1;8;0;2;22;0;8;1;0;6;0;11;11;1;25;0;5
320330;2;0;0;4;0;0;3;0;3;0;0;0;0;2;4;0;2;1;3
320332;0;2;0;0;0;0;2;0;0;0;0;0;0;1;1;0;2;0;0
320340;7;1;0;5;0;1;10;0;4;0;1;0;0;9;4;0;11;2;1
320400;1;0;0;1;0;0;0;0;2;0;0;0;0;0;2;0;0;0;2
320455;2;0;0;0;0;0;2;0;0;0;0;0;0;2;0;0;1;1;0
320460;4;0;0;2;0;0;4;0;2;0;0;0;0;3;2;1;3;0;3
320470;0;0;0;1;0;0;0;0;1;0;0;0;0;0;1;0;1;0;0
320480;2;0;0;0;0;0;2;0;0;0;0;0;0;2;0;0;2;0;0
320490;2;0;0;2;0;0;3;0;1;0;1;0;0;1;1;1;3;0;1
320500;46;3;2;41;0;63;90;0;65;3;11;12;2;45;77;5;84;41;30
320503;1;0;0;0;0;0;1;0;0;0;0;0;0;1;0;0;0;0;1
320506;2;0;0;1;0;1;3;0;1;0;0;0;0;3;1;0;2;0;2
320520;19;4;1;16;0;20;40;0;20;0;3;6;0;23;25;3;22;23;15
320530;58;13;0;40;0;53;97;0;67;6;10;10;0;52;81;5;69;34;61
330010;63;7;1;23;0;52;103;0;43;13;19;6;1;44;47;16;63;81;2
330015;3;0;0;1;0;0;3;0;1;0;0;0;0;3;1;0;2;2;0
330020;8;1;0;3;0;4;12;0;4;0;0;2;0;8;6;0;12;4;0
330022;6;1;0;2;0;0;3;0;6;0;0;0;0;3;6;0;7;2;0
330023;7;0;0;2;0;1;7;0;3;0;2;1;0;2;5;0;7;3;0
330025;9;0;1;2;0;0;7;0;5;1;1;0;0;4;6;0;3;0;9
330030;6;0;0;3;0;0;5;0;4;0;1;1;0;3;4;0;4;5;0
330040;4;0;0;5;0;0;6;0;3;1;0;0;0;4;4;0;9;0;0
330045;8;3;0;5;0;22;25;0;13;0;0;0;0;24;14;0;2;22;14
330060;25;2;0;2;1;4;20;0;14;3;2;2;0;11;15;1;12;22;0
330070;24;2;0;6;0;8;23;0;17;0;3;1;0;3;23;10;0;0;40
330080;5;1;0;6;0;3;14;0;1;1;0;1;0;12;1;0;11;3;1
330093;2;2;0;2;0;3;5;0;4;1;1;1;0;1;5;0;2;7;0
330100;182;31;2;48;0;98;242;0;119;19;48;44;1;47;135;67;103;258;0
330120;6;3;0;2;0;0;6;0;5;0;2;1;0;3;5;0;1;0;10
330130;9;0;0;2;0;2;4;0;9;0;0;0;0;3;10;0;3;10;0
330150;8;1;0;3;0;0;7;0;5;1;0;1;0;5;5;0;2;10;0
330170;264;69;3;160;1;97;382;0;212;18;45;61;8;134;287;41;239;355;0
330185;8;3;0;7;0;3;16;0;5;0;3;0;0;6;8;4;0;21;0
330190;0;0;0;0;0;2;1;0;1;0;0;0;0;1;1;0;1;1;0
330200;1;0;0;0;0;3;3;0;1;0;0;1;0;0;1;2;3;0;1
330210;1;0;0;0;0;0;1;0;0;0;0;0;0;1;0;0;0;0;1
330220;19;2;0;7;0;1;20;0;9;1;5;0;0;12;11;0;19;10;0
330225;0;0;0;0;0;1;0;0;1;0;0;0;0;0;1;0;1;0;0
330227;1;2;0;1;0;2;6;0;0;0;0;0;0;6;0;0;1;5;0
330240;39;12;0;25;0;85;97;0;64;9;14;4;0;36;81;17;13;141;7
330250;57;28;2;69;1;146;159;0;144;3;4;1;1;25;169;100;2;2;299
330260;1;0;0;4;0;1;6;0;0;1;1;1;0;2;0;1;4;0;2
330270;9;0;0;9;0;8;12;1;13;0;2;2;0;7;14;1;4;21;1
330285;4;2;1;12;0;1;12;0;8;1;0;0;0;11;8;0;4;16;0
330300;14;3;0;1;0;8;18;0;8;0;2;0;0;15;9;0;0;26;0
330310;2;0;0;2;0;0;3;0;1;0;0;0;0;1;3;0;0;4;0
330320;27;7;0;24;0;16;50;0;24;4;7;7;2;20;28;6;11;63;0
330330;278;63;6;139;2;186;417;0;257;29;53;51;4;142;369;26;422;240;12
330340;99;12;0;12;0;2;65;0;60;0;4;2;0;24;93;2;118;7;0
330350;39;14;2;99;1;69;158;0;66;7;24;29;6;39;101;18;66;158;0
330380;0;0;0;0;0;1;0;0;1;0;0;0;0;0;1;0;1;0;0
330385;6;2;0;2;0;0;6;0;4;0;0;0;0;6;4;0;10;0;0
330390;150;19;2;37;0;24;141;0;91;11;15;22;2;58;115;9;190;42;0
330395;1;0;0;1;0;0;0;0;2;0;0;0;0;0;2;0;1;0;1
330400;45;9;0;16;0;9;49;5;25;4;6;7;3;17;36;6;59;20;0
330410;2;0;0;2;0;0;4;0;0;0;0;0;0;3;1;0;1;1;2
330411;20;9;0;3;0;1;18;0;15;1;1;0;0;4;27;0;7;26;0
330415;3;1;0;8;0;10;15;0;7;0;1;2;0;5;12;2;10;12;0
330420;49;11;0;21;0;8;56;0;33;1;3;6;0;36;38;5;23;66;0
330430;10;4;0;2;0;96;49;0;63;6;2;4;1;20;67;12;22;86;4
330452;13;4;0;9;0;4;21;0;9;4;3;3;0;8;9;3;17;13;0
330455;1828;244;20;812;2;2614;3179;0;2341;127;253;233;43;900;3387;577;2883;2636;1
330460;0;1;0;0;0;0;0;0;1;0;0;0;0;0;1;0;1;0;0
330470;4;1;0;2;0;2;5;0;4;2;1;0;0;2;4;0;8;1;0
330475;10;4;0;1;0;12;17;0;10;0;1;3;0;2;14;7;1;26;0
330490;112;14;2;68;1;146;183;0;160;9;17;6;0;87;206;18;93;250;0
330510;4;1;0;5;0;4;3;0;11;0;1;0;0;1;12;0;4;10;0
330520;11;2;0;10;0;6;20;0;9;0;0;1;0;11;9;8;0;0;29
330555;1;0;0;1;0;0;1;0;1;0;0;0;0;1;1;0;1;1;0
330575;0;0;0;2;0;1;3;0;0;0;0;0;0;1;2;0;0;0;3
330580;45;4;0;11;0;2;35;1;26;0;2;2;1;25;30;2;48;14;0
330600;24;7;2;15;0;5;34;0;19;1;4;4;0;10;26;8;4;48;1
330610;42;6;0;8;0;4;44;0;16;7;10;5;0;19;18;1;44;16;0
330615;2;1;0;1;0;0;4;0;0;0;1;1;0;1;1;0;2;1;1
330620;27;5;0;3;0;1;17;0;19;0;0;0;0;10;26;0;5;31;0
330630;85;16;0;19;0;26;85;1;60;3;13;6;0;26;70;28;46;99;1
350010;59;2;0;14;0;0;41;0;34;0;2;2;0;35;36;0;40;35;0
350030;6;0;0;1;0;0;3;0;4;0;1;0;0;2;4;0;7;0;0
350070;22;0;0;1;0;3;13;0;13;0;0;0;0;7;19;0;26;0;0
350100;2;0;0;0;0;0;2;0;0;0;0;0;0;1;1;0;2;0;0
350115;2;0;0;0;0;0;2;0;0;0;0;0;0;2;0;0;1;0;1
350160;91;2;1;18;0;12;64;0;60;2;4;4;0;28;75;11;119;5;0
350170;14;2;0;1;1;0;9;0;9;0;0;0;0;9;9;0;11;0;7
350190;27;2;1;7;0;2;21;0;18;1;1;2;0;7;25;3;39;0;0
350210;33;3;0;7;0;0;23;0;20;1;0;2;0;18;22;0;43;0;0
350250;1;0;0;1;0;0;2;0;0;0;1;0;0;1;0;0;1;1;0
350260;2;0;0;0;0;0;2;0;0;0;0;0;0;2;0;0;2;0;0
350270;3;0;0;2;0;0;3;0;2;0;0;0;0;3;2;0;5;0;0
350275;1;0;0;1;0;0;0;0;2;0;0;0;0;0;2;0;2;0;0
350280;58;2;1;2;0;3;45;0;21;0;2;0;0;28;34;2;65;0;1
350290;3;0;0;2;0;2;5;0;2;1;0;0;0;3;3;0;0;1;6
350320;31;2;0;6;0;4;25;0;18;0;2;0;0;18;23;0;39;1;3
350330;85;2;1;13;0;4;57;0;48;4;1;4;0;37;58;1;103;2;0
350400;74;1;0;5;0;0;41;0;39;0;3;1;0;29;47;0;76;4;0
350410;46;1;1;5;0;4;30;0;27;2;3;1;0;11;39;1;54;3;0
350420;11;0;0;2;0;0;9;0;4;0;0;0;0;6;7;0;11;1;1
350450;73;9;0;7;0;1;40;0;50;3;5;2;0;29;51;0;82;6;2
350520;138;3;0;6;0;2;85;0;64;4;8;5;1;64;66;1;147;1;1
350530;32;3;0;5;0;1;24;0;17;0;3;4;0;11;23;0;32;9;0
350550;86;7;2;13;0;0;61;0;47;0;3;4;0;49;52;0;105;3;0
350560;1;0;0;0;0;0;0;0;1;0;0;0;0;0;1;0;0;1;0
350570;224;15;1;74;0;33;200;0;147;3;7;9;3;135;186;4;141;206;0
350580;8;0;3;8;0;0;12;0;7;2;1;1;0;7;7;1;1;0;18
350590;8;1;0;2;0;3;10;0;4;0;1;0;0;3;8;2;14;0;0
350600;377;35;6;77;4;13;262;0;250;3;4;2;0;184;312;7;444;68;0
350610;88;6;2;9;0;1;66;0;40;0;0;3;1;59;43;0;103;3;0
350635;5;1;0;2;0;2;7;0;3;0;0;0;0;5;5;0;10;0;0
350650;74;9;1;13;0;0;64;0;33;2;2;3;1;50;38;1;18;2;77
350680;1;0;0;1;0;0;1;0;1;0;0;0;0;1;1;0;2;0;0
350700;17;0;0;2;0;1;15;0;5;0;2;1;1;10;6;0;19;0;1
350710;1;0;0;0;0;0;1;0;0;0;0;0;0;1;0;0;1;0;0
350740;1;0;0;0;0;0;1;0;0;0;0;0;0;1;0;0;1;0;0
350745;10;1;0;3;2;3;8;2;9;0;0;0;0;3;15;1;2;17;0
350750;164;8;1;14;0;0;113;0;74;5;11;8;0;66;94;3;160;27;0
350760;97;4;2;12;0;1;52;0;64;4;5;4;0;31;70;2;111;1;4
350790;1;0;0;0;0;0;1;0;0;0;0;0;0;1;0;0;1;0;0
350800;1;0;0;0;0;0;0;0;1;0;0;0;0;0;1;0;1;0;0
350810;24;1;0;4;0;1;13;0;17;0;0;0;0;13;17;0;30;0;0
350820;1;0;0;1;0;0;1;0;1;0;0;0;0;1;1;0;1;1;0
350850;132;5;0;18;0;12;94;0;73;2;3;5;0;65;73;19;23;5;139
350870;18;2;0;5;0;0;10;0;15;0;0;0;0;5;20;0;25;0;0
350900;47;4;0;6;0;4;41;0;20;3;0;1;0;32;23;2;34;24;3
350920;5;0;0;5;0;0;4;0;6;0;0;1;0;3;6;0;10;0;0
350930;1;0;0;1;0;0;1;0;1;0;0;0;0;1;1;0;1;0;1
350940;1;0;0;0;0;1;2;0;0;0;0;0;0;1;1;0;2;0;0
350945;1;0;0;0;0;0;0;0;1;0;0;0;0;0;1;0;1;0;0
350950;1158;57;15;185;0;235;911;1;738;21;41;48;1;509;968;62;1425;125;100
350960;9;0;0;1;0;8;11;0;7;0;0;0;0;3;9;6;12;5;1
350970;102;0;1;4;0;0;65;0;42;1;1;0;0;56;48;1;107;0;0
351000;6;0;0;0;0;0;3;0;3;1;0;0;0;1;4;0;6;0;0
351020;180;1;5;26;0;4;107;0;109;5;3;2;0;50;155;1;195;1;20
351030;4;0;0;0;0;0;3;0;1;0;1;0;0;2;1;0;0;0;4
351040;11;2;0;2;0;0;7;0;8;0;0;0;0;7;8;0;14;1;0
351050;19;0;0;4;0;1;11;0;13;0;2;0;0;8;13;1;17;0;7
351060;6;0;0;7;0;0;8;0;5;0;0;3;0;1;6;3;10;2;1
351080;19;1;0;0;0;0;8;0;12;0;0;0;0;8;12;0;19;0;1
351110;180;12;1;27;0;0;133;0;87;5;14;16;0;74;110;1;99;0;121
351160;3;0;0;0;0;0;0;0;3;0;0;0;0;0;3;0;2;0;1
351170;5;0;0;0;0;0;2;0;3;1;0;1;0;0;3;0;3;0;2
351190;0;0;0;1;0;0;1;0;0;0;1;0;0;0;0;0;0;0;1
351220;24;1;0;10;0;4;23;0;16;2;2;3;0;11;18;3;33;2;4
351230;2;1;0;0;0;0;2;0;1;0;0;1;0;1;1;0;3;0;0
351240;3;1;0;0;0;0;2;0;2;0;0;0;0;0;3;1;1;3;0
351280;3;0;0;2;0;2;4;0;3;2;0;0;0;1;4;0;7;0;0
351300;147;2;2;92;0;22;148;1;116;8;3;8;0;66;166;14;139;1;125
351310;0;0;0;1;0;0;0;0;1;0;0;0;0;0;1;0;1;0;0
351320;8;0;0;0;0;2;5;0;5;1;0;0;0;1;7;1;1;6;3
351340;116;1;0;8;0;2;76;0;51;8;7;1;0;49;61;1;19;99;9
351350;29;0;0;21;0;0;31;0;19;6;3;5;0;15;21;0;26;1;23
351370;1;0;0;0;0;0;0;0;1;0;0;0;0;0;1;0;1;0;0
351380;191;22;3;106;1;80;213;0;190;4;14;10;0;101;255;19;205;189;9
351385;1;0;0;1;0;0;1;0;1;0;0;0;0;1;1;0;2;0;0
351390;4;0;0;0;0;0;0;0;4;0;0;0;0;0;4;0;4;0;0
351410;25;2;0;3;0;1;14;1;16;0;1;0;0;10;20;0;31;0;0
351440;56;0;0;0;0;1;34;0;23;1;4;1;0;28;22;1;45;9;3
351450;2;0;0;0;0;0;2;0;0;0;0;0;0;2;0;0;2;0;0
351500;9;0;0;1;0;1;5;0;6;0;0;1;0;3;7;0;6;1;4
351518;2;0;0;0;0;0;1;0;1;0;0;0;0;1;1;0;2;0;0
351520;2;0;0;0;0;0;0;0;2;0;0;0;0;0;2;0;2;0;0
351540;13;0;0;2;0;0;6;0;9;0;0;0;0;5;10;0;14;0;1
351550;25;1;0;7;0;0;21;0;12;0;1;0;1;18;13;0;32;1;0
351570;9;0;0;3;0;0;7;0;5;0;1;2;0;2;7;0;11;0;1
351600;4;1;0;1;0;0;2;0;4;0;2;0;0;0;4;0;1;5;0
351620;100;2;0;12;0;12;65;0;61;0;2;4;0;34;82;4;109;17;0
351630;12;1;1;16;0;2;18;0;14;0;2;6;0;9;14;1;32;0;0
351640;14;0;0;5;0;1;10;0;10;1;0;0;0;8;11;0;16;4;0
351740;14;0;0;2;0;0;11;0;5;1;0;0;0;10;5;0;16;0;0
351760;1;0;0;0;0;0;0;0;1;0;0;0;0;0;1;0;1;0;0
351770;2;0;0;1;0;0;2;0;1;0;0;0;0;2;1;0;1;0;2
351780;0;0;2;0;0;0;1;0;1;0;0;0;0;1;1;0;1;1;0
351820;23;1;0;11;0;0;16;0;19;1;0;0;0;13;21;0;34;1;0
351840;154;2;0;27;0;22;111;0;94;5;7;5;1;52;116;19;203;0;2
351860;9;0;0;0;0;0;3;0;6;0;0;0;0;1;8;0;8;0;1
351870;1;2;0;3;0;0;4;0;2;0;0;1;0;2;3;0;6;0;0
351880;404;40;7;153;1;104;433;2;274;29;35;40;3;209;355;38;688;6;15
351890;5;0;0;2;0;0;3;0;4;0;0;0;0;3;4;0;0;7;0
351907;42;2;1;11;0;13;31;1;37;0;1;2;0;7;58;1;69;0;0
351910;7;0;0;3;0;1;3;0;8;0;0;0;0;1;8;2;9;2;0
351920;3;0;0;0;0;0;2;0;1;0;0;0;0;2;1;0;2;0;1
351925;12;1;0;8;1;5;1;0;26;0;0;0;0;1;26;0;8;19;0
351960;12;0;0;3;0;0;10;0;5;0;2;2;0;6;5;0;12;3;0
351970;1;0;0;0;0;0;1;0;0;0;0;0;0;0;1;0;1;0;0
352000;83;16;0;34;0;9;74;0;68;0;1;0;1;46;88;6;25;117;0
352040;19;2;0;8;0;0;16;0;13;0;0;2;0;11;16;0;27;0;2
352044;15;0;0;15;0;1;12;0;19;0;1;0;0;6;24;0;29;1;1
352050;81;1;0;7;0;1;49;0;41;0;2;1;0;36;49;2;78;11;1
352080;1;0;0;0;0;0;1;0;0;0;0;0;0;1;0;0;0;1;0
352100;0;0;0;1;0;0;0;0;1;0;0;0;0;0;1;0;1;0;0
352170;3;0;0;1;0;0;2;0;2;0;0;0;0;2;2;0;2;0;2
352180;8;2;0;1;0;0;8;0;3;0;2;0;0;6;3;0;11;0;0
352210;5;1;0;4;0;1;7;0;4;1;0;3;0;2;5;0;4;1;6
352220;87;12;3;63;0;9;103;0;71;3;11;7;1;21;99;32;154;5;15
352230;234;5;1;10;0;3;134;0;119;9;12;12;0;92;128;0;245;7;1
352240;124;0;1;8;0;0;65;0;68;1;7;2;0;45;78;0;133;0;0
352250;47;3;0;13;0;4;44;0;23;4;3;7;0;19;32;2;61;5;1
352260;9;0;0;1;0;0;5;0;5;0;0;0;0;3;7;0;10;0;0
352270;8;1;0;0;0;0;5;0;4;1;0;1;0;3;4;0;9;0;0
352280;28;0;1;3;0;0;19;0;13;1;0;0;0;14;17;0;29;1;2
352290;9;0;0;4;0;0;7;0;6;0;0;0;0;6;7;0;11;2;0
352310;21;2;0;12;0;2;25;0;12;3;4;3;1;5;20;1;36;0;1
352320;3;0;0;0;0;0;0;0;3;0;0;0;0;0;3;0;3;0;0
352340;96;2;1;11;0;11;66;0;55;4;5;0;3;31;65;13;115;0;6
352350;21;1;0;3;0;0;24;0;1;0;1;0;0;23;1;0;7;18;0
352360;4;0;0;1;0;0;2;0;3;0;0;0;0;2;3;0;3;1;1
352380;1;0;0;0;0;0;0;0;1;0;0;0;0;0;1;0;1;0;0
352390;76;8;0;19;0;2;48;0;57;3;2;2;0;18;80;0;93;8;4
352410;2;0;0;0;0;3;3;0;2;0;0;1;0;2;2;0;2;0;3
352430;13;0;0;0;0;0;6;0;7;0;0;0;0;3;10;0;8;0;5
352440;190;12;3;20;0;1;109;0;117;3;8;7;0;80;127;1;206;0;20
352460;3;0;0;0;0;0;0;0;3;0;0;0;0;0;3;0;3;0;0
352470;9;2;0;3;0;2;9;0;7;0;1;2;0;4;8;1;15;0;1
352480;29;1;0;0;0;0;21;0;9;1;2;2;0;16;9;0;29;0;1
352500;6;0;0;0;0;0;6;0;0;0;1;0;0;4;0;1;4;0;2
352510;2;0;0;0;0;0;0;0;2;0;0;0;0;0;2;0;0;2;0
352520;2;0;0;0;0;0;1;0;1;0;0;0;0;1;1;0;2;0;0
352530;43;1;0;8;0;2;28;0;26;1;3;1;3;18;28;0;43;11;0
352590;168;22;2;41;0;33;144;1;121;8;11;11;1;71;150;14;263;0;3
352610;3;0;0;0;0;0;1;0;2;0;0;0;0;0;3;0;3;0;0
352640;26;0;0;9;0;0;19;0;16;4;2;0;0;9;20;0;33;2;0
352670;22;1;1;4;0;1;13;0;16;0;0;0;0;8;21;0;28;1;0
352680;80;2;0;14;0;0;58;0;38;3;5;7;1;40;40;0;91;5;0
352690;108;13;0;17;0;7;76;0;69;7;13;7;0;39;78;1;132;12;1
352710;22;4;2;7;0;0;23;0;12;0;2;2;0;3;28;0;32;3;0
352720;89;5;0;7;0;17;54;0;64;2;2;2;0;35;77;0;99;4;15
352730;29;1;0;9;0;5;24;0;20;0;0;0;0;18;26;0;41;1;2
352740;4;1;1;1;0;0;6;0;1;0;1;2;0;2;1;1;0;6;1
352760;1;0;0;0;0;0;1;0;0;0;0;0;0;1;0;0;1;0;0
352770;1;0;0;0;0;0;0;0;1;0;0;0;0;0;1;0;1;0;0
352790;1;0;0;0;0;0;1;0;0;0;1;0;0;0;0;0;0;0;1
352800;35;1;1;1;0;2;25;0;15;0;1;2;0;22;15;0;30;10;0
352840;4;1;0;1;0;0;3;0;3;1;0;1;0;0;4;0;5;1;0
352850;6;1;0;2;0;1;7;0;3;3;1;1;0;2;3;0;9;0;1
352900;327;19;7;59;0;13;257;0;168;13;37;19;0;144;210;2;416;6;3
352910;0;0;0;1;0;0;1;0;0;1;0;0;0;0;0;0;1;0;0
352930;15;1;0;1;0;0;9;0;8;1;0;3;0;4;9;0;17;0;0
352940;94;5;0;46;0;23;113;0;55;14;16;14;0;49;74;1;156;0;12
352970;4;0;0;1;0;1;4;0;2;0;1;1;0;2;2;0;4;0;2
353010;2;0;0;0;0;0;0;0;2;0;0;0;0;0;2;0;0;0;2
353030;1;0;0;0;0;0;0;0;1;0;0;0;0;0;1;0;0;1;0
353050;29;13;0;15;0;0;38;0;19;0;0;1;0;18;38;0;54;1;2
353060;178;12;17;30;1;3;134;0;107;7;13;7;0;79;134;1;240;0;1
353070;120;4;0;7;0;3;68;0;66;4;6;5;0;39;80;0;133;1;0
353080;63;6;0;14;0;5;41;0;47;0;2;2;0;22;61;1;86;2;0
353090;0;0;0;1;0;0;1;0;0;0;0;0;0;1;0;0;0;1;0
353130;27;1;0;1;0;0;11;0;18;0;0;0;0;11;18;0;29;0;0
353150;13;0;0;2;0;0;6;0;9;0;0;0;0;6;9;0;14;1;0
353180;9;1;0;1;0;3;6;0;8;0;0;0;0;6;8;0;13;1;0
353190;62;5;0;15;0;15;51;0;46;0;1;3;0;21;64;8;81;7;9
353200;63;3;0;13;0;1;42;0;38;2;2;1;0;28;47;0;80;0;0
353240;3;0;0;0;0;0;2;0;1;0;0;0;0;2;1;0;2;1;0
353300;18;0;0;3;0;0;14;0;7;1;0;1;0;12;7;0;17;1;3
353340;6;3;0;2;0;0;8;0;3;0;1;0;0;3;7;0;11;0;0
353350;6;0;0;0;0;0;2;0;4;0;0;0;0;2;4;0;4;0;2
353390;26;9;0;7;0;0;22;0;20;0;2;1;0;16;23;0;31;1;10
353430;4;0;0;0;0;0;3;0;1;0;0;0;0;3;1;0;4;0;0
353440;143;18;5;49;0;54;154;0;115;7;8;9;1;59;144;41;231;11;27
353460;44;1;1;7;0;0;28;0;25;2;0;4;0;22;25;0;46;1;6
353470;32;3;0;6;0;0;22;0;19;3;2;5;0;9;21;1;39;0;2
353490;3;0;0;0;0;0;3;0;0;0;0;0;0;3;0;0;2;0;1
353520;0;0;0;1;0;0;1;0;0;0;1;0;0;0;0;0;1;0;0
353530;2;0;0;0;0;0;1;0;1;0;0;0;0;1;1;0;2;0;0
353540;19;1;0;8;0;1;15;0;14;0;0;0;0;15;14;0;2;17;10
353550;21;1;0;7;0;0;16;0;13;0;0;0;0;14;15;0;27;1;1
353560;19;0;0;1;0;1;12;0;9;0;1;2;0;6;11;1;0;21;0
353580;15;0;0;0;0;1;7;0;9;0;0;0;0;2;14;0;16;0;0
353620;96;3;0;11;3;1;73;0;41;2;4;5;0;61;42;0;113;1;0
353630;2;0;0;0;0;0;2;0;0;0;0;0;0;1;1;0;2;0;0
353650;32;0;0;6;0;21;34;0;25;1;2;1;0;26;26;3;39;0;20
353670;92;1;0;2;0;0;50;0;45;0;5;2;0;25;63;0;95;0;0
353710;2;0;0;2;0;0;2;0;2;0;0;1;0;1;2;0;2;0;2
353730;18;2;0;5;0;1;10;0;16;0;1;0;0;8;16;1;25;0;1
353740;5;1;1;1;0;1;3;0;6;0;0;0;0;3;6;0;8;1;0
353780;3;0;0;0;0;0;1;0;2;0;0;0;0;1;2;0;2;0;1
353790;65;3;5;4;0;0;38;0;39;0;1;1;0;33;42;0;77;0;0
353800;38;1;0;12;0;1;34;0;18;1;3;5;0;19;23;1;51;1;0
353860;7;0;0;0;0;0;4;0;3;0;0;0;0;3;4;0;7;0;0
353870;143;8;0;29;0;42;118;0;104;3;8;2;0;58;142;9;213;7;2
353880;3;0;0;0;0;0;1;0;2;0;0;0;0;1;2;0;3;0;0
353900;10;2;0;1;0;0;5;0;8;0;0;0;0;4;9;0;9;1;3
353930;15;0;0;0;0;0;7;0;8;0;2;0;0;4;9;0;1;0;14
353940;3;1;0;0;0;0;3;0;1;0;0;0;0;2;2;0;3;1;0
353950;14;2;0;6;0;0;13;0;9;0;0;1;0;11;10;0;22;0;0
353980;3;1;0;0;0;4;4;0;4;0;0;0;0;2;6;0;8;0;0
354020;1;0;0;0;0;0;1;0;0;0;0;0;0;1;0;0;1;0;0
354025;1;0;0;2;0;0;2;0;1;1;0;0;0;1;1;0;3;0;0
354060;51;4;0;23;0;0;42;0;36;0;3;3;0;31;40;1;72;2;4
354070;8;0;0;0;0;0;3;0;5;0;0;0;0;3;5;0;8;0;0
354100;26;1;0;14;2;1;28;0;16;2;1;0;0;18;22;1;42;2;0
354130;20;2;0;10;0;1;20;0;13;0;0;1;0;15;17;0;27;5;1
354140;209;8;3;43;0;16;145;0;134;10;12;5;0;107;145;0;266;10;3
354150;4;0;0;3;0;0;3;0;4;0;0;0;0;2;5;0;7;0;0
354160;13;1;0;2;0;0;8;0;8;0;1;2;0;5;8;0;16;0;0
354260;0;0;0;1;0;0;1;0;0;0;0;0;0;1;0;0;1;0;0
354290;3;1;0;4;0;0;4;0;4;1;1;0;0;1;5;0;0;8;0
354300;0;1;0;0;0;0;1;0;0;0;0;1;0;0;0;0;1;0;0
354330;76;4;2;24;1;11;72;1;45;6;15;7;0;30;55;5;46;69;3
354340;295;24;3;37;0;199;303;0;255;9;13;19;5;143;319;50;528;20;10
354370;0;1;0;0;0;0;1;0;0;0;0;0;0;1;0;0;1;0;0
354390;87;8;2;8;0;5;67;0;43;0;4;2;0;40;63;1;108;2;0
354400;18;3;0;1;0;1;10;0;13;1;1;0;0;7;14;0;20;1;2
354425;16;3;0;17;0;0;22;0;14;0;0;5;0;14;17;0;35;0;1
354460;1;0;0;0;0;0;0;0;1;0;0;0;0;0;1;0;1;0;0
354490;4;0;0;0;0;0;1;0;3;0;0;0;0;1;3;0;0;0;4
354500;1;0;0;0;0;0;0;0;1;0;0;0;0;0;1;0;1;0;0
354510;1;0;0;0;0;0;1;0;0;0;0;0;0;1;0;0;0;1;0
354515;1;0;0;0;0;0;1;0;0;0;0;0;0;1;0;0;0;1;0
354520;45;3;0;9;0;0;39;0;18;2;5;1;0;19;27;3;21;2;34
354530;17;0;0;0;0;0;9;0;8;0;0;2;0;4;11;0;15;1;1
354540;1;0;0;0;0;0;1;0;0;0;0;0;0;1;0;0;0;1;0
354570;1;0;0;0;0;0;1;0;0;0;0;0;0;1;0;0;1;0;0
354580;37;2;0;10;0;20;51;0;18;3;2;10;0;20;27;7;67;2;0
354630;6;0;0;3;0;0;2;0;7;0;1;0;0;0;8;0;7;0;2
354640;14;2;0;3;0;0;11;0;8;0;2;0;0;8;9;0;17;2;0
354660;8;0;0;1;0;0;5;0;4;0;0;0;0;5;4;0;9;0;0
354670;1;0;0;1;0;0;2;0;0;1;0;0;0;1;0;0;2;0;0
354700;2;0;0;0;0;0;2;0;0;0;0;0;0;2;0;0;1;0;1
354730;2;0;0;2;0;0;2;0;2;0;0;0;0;2;2;0;4;0;0
354750;5;0;0;0;0;0;2;0;3;0;1;1;0;0;3;0;5;0;0
354780;290;24;7;60;0;92;269;0;204;17;31;31;1;89;260;44;459;4;10
354840;0;0;0;1;0;0;1;0;0;0;0;0;0;1;0;0;1;0;0
354850;278;17;5;75;1;85;250;1;210;7;16;13;3;95;258;69;439;16;6
354860;3;0;0;0;0;0;0;0;3;0;0;0;0;0;3;0;3;0;0
354870;346;4;1;3;2;51;227;0;180;4;20;21;3;149;206;4;401;2;4
354880;239;4;3;27;0;32;169;0;136;4;5;12;1;92;165;26;298;0;7
354890;10;0;0;2;0;2;7;0;7;0;0;1;0;6;7;0;12;0;2
354910;28;1;0;0;0;2;11;0;20;0;1;0;0;9;20;1;31;0;0
354920;0;1;0;0;0;0;1;0;0;0;0;0;0;1;0;0;1;0;0
354940;13;0;0;0;0;1;9;0;5;0;0;0;0;9;5;0;14;0;0
354970;40;1;0;10;0;0;25;0;26;1;1;1;0;20;28;0;51;0;0
354980;350;17;1;47;0;23;240;0;198;6;7;8;2;170;234;11;188;0;250
354990;207;0;0;0;0;2;111;0;98;0;4;1;0;98;104;2;206;1;2
355010;65;5;0;9;0;0;32;0;47;0;0;0;0;14;65;0;79;0;0
355030;9302;585;263;1957;63;3709;8433;16;7430;187;354;416;57;3095;10332;1438;13139;2371;369
355040;4;0;0;0;0;0;1;0;3;0;0;0;0;1;3;0;4;0;0
355060;42;1;2;5;0;2;28;0;24;3;2;2;0;5;40;0;51;0;1
355070;91;1;1;10;0;4;58;0;49;3;5;2;0;23;62;12;89;18;0
355080;5;0;0;1;0;0;2;0;4;0;0;0;0;2;4;0;6;0;0
355090;1;0;0;0;0;0;1;0;0;0;0;0;0;1;0;0;1;0;0
355100;10;0;0;1;0;0;5;0;6;0;1;0;1;2;7;0;11;0;0
355150;28;3;0;7;0;0;18;0;20;0;0;1;0;16;21;0;36;0;2
355160;16;2;0;3;0;0;15;0;6;1;3;0;0;8;9;0;20;0;1
355170;52;1;0;10;0;7;34;0;36;1;2;6;0;25;36;0;70;0;0
355210;22;0;0;1;0;1;5;0;19;0;0;0;0;4;20;0;22;2;0
355220;481;14;1;45;0;45;304;0;282;13;17;23;0;172;346;15;462;116;8
355230;5;0;0;2;0;0;2;0;5;0;0;0;0;2;5;0;7;0;0
355240;29;0;0;9;0;2;20;0;20;0;1;2;0;12;23;2;33;3;4
355250;17;4;0;15;0;5;23;0;18;1;0;3;0;13;22;2;23;0;18
355270;3;0;0;0;0;0;1;0;2;0;0;0;0;1;2;0;3;0;0
355280;38;1;0;19;1;8;40;0;27;4;2;5;0;16;32;8;42;1;24
355300;4;0;0;0;0;0;1;0;3;0;0;0;0;1;3;0;3;1;0
355330;16;0;0;6;0;0;14;0;8;0;0;0;0;13;9;0;22;0;0
355360;8;0;0;1;0;1;6;0;4;0;0;0;0;6;4;0;9;0;1
355370;5;0;0;1;0;0;3;0;3;0;0;0;0;2;4;0;6;0;0
355380;21;0;0;3;0;0;9;0;15;1;1;3;0;3;16;0;24;0;0
355400;32;3;0;2;0;0;18;0;19;1;2;1;0;10;23;0;36;1;0
355410;182;4;4;26;0;7;131;0;92;4;14;7;0;74;110;14;178;8;37
355440;1;0;0;0;0;0;1;0;0;1;0;0;0;0;0;0;1;0;0
355450;25;1;0;5;0;0;16;0;15;0;2;0;0;14;15;0;31;0;0
355490;1;0;0;0;0;0;1;0;0;0;0;0;0;0;1;0;0;0;1
355500;107;13;3;28;0;1;79;0;73;1;4;0;0;73;74;0;109;32;11
355510;1;0;0;0;0;0;1;0;0;0;0;0;0;1;0;0;1;0;0
355540;33;1;1;14;3;2;29;1;24;3;6;9;1;8;27;0;40;0;14
355620;146;8;0;22;0;10;105;0;81;1;2;1;0;45;111;26;160;17;9
355640;44;2;0;4;0;0;23;0;27;0;1;2;0;19;28;0;49;0;1
355645;4;2;0;3;0;0;0;0;9;0;0;0;0;0;9;0;3;6;0
355650;2;0;0;0;0;0;1;0;1;0;0;0;0;1;1;0;2;0;0
355670;39;4;0;7;0;1;32;0;19;1;0;3;0;15;27;5;50;0;1
355690;4;2;1;5;0;0;4;0;8;0;0;0;0;4;8;0;12;0;0
355695;1;0;0;0;0;0;1;0;0;0;0;0;0;1;0;0;1;0;0
355700;32;3;0;7;0;1;28;0;15;0;1;1;0;19;21;1;41;1;1
355710;32;1;1;2;0;1;20;1;16;0;1;0;0;15;19;2;37;0;0
410010;60;4;0;19;2;1;56;0;30;0;1;0;0;43;40;2;21;65;0
410020;3;0;0;0;0;0;2;0;1;0;0;0;0;0;3;0;0;0;3
410030;26;0;0;4;0;0;12;0;18;0;0;0;0;4;22;4;2;10;18
410040;381;16;2;27;1;41;247;0;221;2;5;3;1;102;292;63;8;414;46
410045;8;0;0;6;0;4;10;0;8;0;0;0;0;8;10;0;0;18;0
410050;17;2;0;7;0;0;18;0;8;0;0;0;0;18;8;0;1;0;25
410060;62;0;0;10;0;0;36;0;36;2;0;1;0;26;41;2;3;69;0
410070;1;0;1;1;0;0;3;0;0;0;0;0;1;2;0;0;2;0;1
410080;170;5;0;68;0;1;115;0;129;0;5;0;0;80;159;0;16;228;0
410090;8;1;0;2;0;0;4;0;7;0;1;0;0;3;7;0;2;9;0
410100;20;1;0;0;0;0;7;0;14;0;1;1;0;2;17;0;5;15;1
410105;33;1;0;0;0;24;37;0;21;1;0;0;0;31;26;0;1;57;0
410110;143;15;0;4;0;4;89;0;77;0;3;4;0;66;92;1;32;132;2
410115;68;1;0;21;1;1;54;0;38;1;0;0;0;40;43;8;6;86;0
410120;61;3;0;3;0;1;38;0;30;0;1;3;0;31;33;0;7;25;36
410130;1;0;0;0;0;0;1;0;0;0;0;0;0;1;0;0;0;1;0
410140;1341;63;28;158;2;53;834;0;811;16;22;14;0;466;1012;115;352;1291;2
410150;1871;24;12;76;2;63;1090;0;958;10;24;12;2;887;1090;23;195;1139;714
410160;76;0;0;8;0;2;46;0;40;0;3;2;0;37;44;0;13;72;1
410165;29;0;0;1;0;0;15;0;15;0;0;0;0;15;15;0;4;26;0
410170;54;2;0;5;0;1;34;0;28;0;0;0;0;28;34;0;3;59;0
410180;660;11;3;46;0;97;403;1;413;10;12;6;1;163;544;81;31;739;47
410185;10;0;1;5;0;1;11;0;6;0;0;0;0;10;7;0;9;8;0
410190;139;26;24;41;0;4;123;1;110;5;5;8;0;77;138;1;49;185;0
410200;167;8;2;26;0;3;119;0;87;1;2;1;0;100;100;2;7;199;0
410210;170;6;1;22;0;7;92;0;114;2;0;1;0;56;136;11;19;187;0
410220;7;1;0;0;0;0;4;0;4;0;0;0;0;4;4;0;1;7;0
410230;6;0;0;0;0;0;4;0;2;0;0;0;0;2;4;0;0;6;0
410240;703;78;10;172;1;18;552;1;429;5;13;13;0;461;483;7;161;792;29
410250;24;7;0;3;0;0;14;1;19;0;0;0;0;13;21;0;1;33;0
410260;44;0;0;5;0;4;24;0;29;0;0;0;0;10;35;8;6;43;4
410270;3;0;0;0;0;0;1;0;2;0;0;0;0;1;2;0;3;0;0
410275;13;0;0;2;0;0;11;0;4;0;0;0;0;7;7;1;8;7;0
410280;293;17;2;33;0;6;189;0;162;4;5;0;2;100;197;43;15;336;0
410290;115;9;0;10;0;5;58;0;81;0;0;0;0;36;95;8;6;133;0
410300;50;4;1;10;0;0;40;0;25;0;0;1;0;37;27;0;1;64;0
410302;11;0;0;0;0;0;3;0;8;0;0;0;0;2;9;0;7;2;2
410304;4;0;0;2;0;4;5;0;5;0;1;0;0;4;5;0;0;10;0
410305;92;1;0;7;0;2;35;0;67;1;0;0;0;20;81;0;8;94;0
410310;8;0;0;2;0;1;6;0;5;0;0;0;0;4;5;2;0;0;11
410315;10;1;0;0;0;1;5;0;7;0;0;0;0;4;8;0;4;5;3
410320;63;4;2;23;0;0;43;0;49;0;0;0;0;30;59;3;66;26;0
410322;1;0;0;0;0;0;0;0;1;0;0;0;0;0;1;0;1;0;0
410330;2;0;0;3;0;0;4;0;1;0;0;0;0;3;2;0;4;1;0
410335;13;0;0;0;0;3;6;0;10;0;0;1;0;2;10;3;3;13;0
410337;4;0;0;0;0;0;4;0;0;0;0;0;0;3;1;0;0;0;4
410340;70;4;0;12;0;0;45;0;41;0;0;0;0;36;49;1;17;69;0
410345;265;10;2;15;1;13;177;0;129;0;6;6;0;132;150;12;16;290;0
410350;68;2;0;3;0;1;39;0;35;0;0;0;0;30;37;7;64;10;0
410360;44;3;0;12;0;0;31;0;28;1;0;1;0;24;33;0;9;50;0
410370;2993;185;18;531;4;119;2105;0;1745;26;53;24;7;1323;2332;85;135;3710;5
410380;44;3;1;3;0;0;25;0;26;0;2;1;0;17;30;1;9;42;0
410390;107;0;0;11;0;1;70;0;49;3;0;2;0;62;52;0;7;112;0
410395;1;0;0;0;0;0;0;0;1;0;0;0;0;0;1;0;0;1;0
410400;187;4;2;18;2;12;139;2;84;2;3;4;0;84;109;23;13;11;201
410405;18;0;0;1;0;1;12;0;8;0;0;0;0;11;9;0;2;18;0
410410;7;0;0;1;0;0;3;0;5;1;0;0;0;1;6;0;0;1;7
410420;243;1;2;24;0;90;184;1;175;6;5;5;1;82;216;45;63;74;223
410425;15;0;0;0;0;0;8;0;7;0;0;0;0;5;8;2;0;0;15
410430;356;11;5;41;0;1;232;0;182;6;17;6;1;165;215;4;76;338;0
410440;91;0;0;22;4;0;64;0;53;0;1;2;0;45;68;1;83;34;0
410442;9;2;0;9;0;2;14;0;8;0;0;0;0;6;10;6;2;20;0
410445;21;0;0;16;0;1;16;0;22;1;0;0;0;11;25;1;23;15;0
410450;214;0;0;11;1;11;114;0;123;1;1;1;0;74;145;15;5;218;14
410460;22;1;0;6;0;4;17;0;16;0;0;1;0;14;18;0;4;29;0
410465;53;0;0;2;1;3;32;0;27;3;3;1;0;14;33;5;3;56;0
410470;68;1;0;0;0;1;42;0;28;0;3;0;0;30;37;0;15;54;1
410480;3853;118;45;703;8;401;2701;0;2427;36;65;67;10;1680;2890;380;905;4222;1
410490;215;8;2;21;0;2;139;1;108;6;8;9;0;92;129;4;43;204;1
410500;47;5;0;25;0;3;44;0;36;0;2;1;0;33;44;0;16;64;0
410510;106;2;0;52;0;2;86;0;76;0;0;0;0;68;94;0;21;140;1
410520;8;1;1;3;0;0;5;0;8;0;1;1;0;1;8;2;0;0;13
410530;15;1;0;2;0;2;11;0;9;1;0;0;0;9;9;1;5;15;0
410540;174;4;0;21;26;4;122;0;107;0;3;1;0;98;126;1;36;193;0
410550;2136;144;15;243;0;88;1325;1;1300;29;19;12;10;862;1632;62;161;2460;5
410560;76;2;1;18;0;13;48;0;62;0;2;3;1;33;70;1;33;76;1
410570;101;3;1;25;0;3;71;0;62;1;1;2;0;37;88;4;8;124;1
410580;356;6;0;68;1;25;262;0;194;7;11;8;0;158;260;12;21;200;235
410590;855;50;22;156;5;5;577;1;515;1;2;5;0;506;570;9;21;1072;0
410600;29;1;0;10;0;0;26;0;14;1;0;0;0;23;16;0;26;14;0
410610;36;0;0;0;0;0;25;0;11;0;0;0;0;18;18;0;6;30;0
410620;5;1;0;1;0;0;3;1;3;0;1;0;0;1;3;2;1;0;6
410630;248;15;1;45;1;25;179;0;156;2;2;0;1;136;187;7;31;304;0
410640;725;54;13;86;1;34;511;0;402;7;3;10;2;433;445;13;133;769;11
410645;14;2;0;7;0;1;16;0;8;0;1;0;0;13;9;1;2;22;0
410650;94;0;0;1;6;1;46;0;56;0;1;1;0;41;59;0;13;89;0
410655;18;1;0;7;0;0;11;0;15;0;0;0;0;11;15;0;1;25;0
410657;18;0;0;0;0;4;9;0;13;0;1;0;0;3;13;5;2;19;1
410660;26;5;0;14;0;2;26;0;21;1;3;1;0;15;21;6;2;1;44
410670;100;14;1;49;1;1;97;0;69;1;2;1;0;66;95;1;5;161;0
410680;137;0;1;4;0;2;63;0;81;2;1;1;0;18;122;0;17;122;5
410685;17;1;0;8;0;0;15;0;11;0;1;0;0;11;13;1;18;8;0
410690;14797;369;225;979;13;2672;10300;18;8737;147;239;183;27;5008;11581;1870;2859;14372;1824
410700;27;3;1;5;0;0;19;0;17;0;0;0;0;16;18;2;1;27;8
410710;9;1;3;2;0;0;8;0;7;0;1;0;0;5;9;0;0;15;0
410715;15;5;1;2;23;0;24;0;22;0;1;2;0;15;28;0;11;35;0
410720;69;0;0;1;0;46;66;2;48;0;1;0;1;31;56;27;6;102;8
410725;23;0;1;3;0;0;11;0;16;0;1;0;0;7;19;0;9;0;18
410730;5;2;0;2;0;0;5;0;4;0;2;0;0;3;4;0;0;9;0
410740;204;2;11;4;1;52;125;0;149;3;0;1;0;58;172;40;3;252;19
410750;155;11;0;46;0;14;118;0;108;2;5;4;0;71;143;1;9;212;5
410752;3;0;0;0;0;0;1;0;2;0;0;0;0;1;2;0;0;0;3
410753;131;1;0;10;0;1;81;0;62;0;2;1;0;71;68;1;4;139;0
410754;2;0;0;0;8;0;3;0;7;0;0;0;0;2;8;0;1;9;0
410755;8;0;0;2;0;0;3;0;7;0;0;0;0;3;7;0;1;9;0
410760;110;3;1;19;1;4;65;1;72;1;2;1;1;42;86;5;112;26;0
410765;175;3;1;16;0;9;103;0;101;4;3;2;0;36;149;10;11;161;32
410770;9;0;0;8;0;1;12;0;6;0;0;0;1;9;8;0;0;18;0
410773;19;0;1;0;0;0;7;0;13;0;1;1;0;5;13;0;5;14;1
410775;47;1;0;3;0;2;17;0;36;0;0;0;0;13;38;2;13;36;4
410780;107;7;2;24;0;7;79;0;68;0;0;0;0;61;78;8;15;132;0
410785;6;0;0;0;0;1;3;0;4;0;0;0;0;2;5;0;2;5;0
410790;56;3;0;10;0;3;46;0;26;0;1;1;0;39;28;3;4;68;0
410800;89;12;0;22;0;0;65;0;58;2;3;2;1;52;63;0;4;119;0
410810;116;10;1;43;0;1;106;0;65;0;4;1;1;94;70;1;14;157;0
410820;40;0;0;3;0;0;21;0;22;0;0;0;0;15;28;0;2;41;0
410830;1063;43;6;195;5;56;739;1;628;19;27;35;1;449;762;75;549;817;2
410832;3;0;0;2;0;0;3;0;2;0;0;0;0;3;2;0;0;0;5
410840;872;11;2;65;1;79;596;3;431;15;23;15;3;295;582;97;116;869;45
410850;21;0;0;1;0;3;12;0;13;0;0;0;0;5;18;2;7;16;2
410855;177;15;0;33;0;6;119;0;112;1;1;0;0;84;144;1;86;144;1
410860;135;2;0;46;1;20;102;0;102;5;10;0;0;81;108;0;21;183;0
410870;30;0;0;4;0;0;17;0;17;0;1;0;0;11;22;0;20;13;1
410880;204;15;2;41;7;10;140;2;137;5;7;8;1;76;173;9;28;250;1
410890;11;0;0;2;0;0;3;0;10;0;0;1;0;1;11;0;1;12;0
410895;43;2;0;7;0;0;33;0;19;0;0;1;0;19;32;0;11;28;13
410900;26;1;1;2;0;0;13;0;17;1;0;0;0;6;22;1;8;21;1
410910;27;0;0;0;0;1;12;0;16;0;0;0;0;12;16;0;6;22;0
410920;54;2;0;22;0;0;39;0;39;0;2;0;0;28;45;3;14;63;1
410930;133;2;6;15;0;7;93;0;70;2;4;2;0;66;85;4;34;129;0
410940;566;11;4;60;5;52;376;0;322;5;13;10;0;289;364;17;80;618;0
410950;0;0;0;0;0;1;0;0;1;0;0;0;0;0;1;0;0;0;1
410960;154;6;1;16;0;4;93;0;88;0;0;3;0;65;107;6;15;116;50
410965;57;2;2;4;0;5;33;0;37;0;0;2;0;9;58;1;15;55;0
410970;393;12;0;22;0;9;252;0;184;13;15;8;0;155;233;12;128;305;3
410975;4;0;0;0;0;0;1;0;3;0;0;0;0;1;3;0;3;1;0
410980;1292;48;22;122;4;38;860;2;664;21;18;17;3;674;779;14;132;1394;0
410990;7;1;0;4;0;0;4;0;8;0;1;0;0;1;10;0;5;2;5
411000;93;4;0;20;0;1;67;0;51;2;4;0;0;51;61;0;69;49;0
411005;10;1;0;1;0;1;6;0;7;0;0;0;0;5;8;0;4;9;0
411007;5;0;0;2;0;0;5;0;2;0;0;0;0;4;3;0;1;5;1
411010;214;4;0;6;0;1;119;1;105;3;7;3;0;75;134;3;57;164;4
411020;26;1;0;2;0;1;11;0;19;0;0;0;0;8;21;1;7;23;0
411030;2;0;0;1;0;0;2;0;1;0;0;0;0;2;1;0;0;3;0
411040;18;0;0;8;0;0;11;0;15;1;1;0;0;4;17;3;3;23;0
411050;84;0;0;0;0;4;42;0;46;1;1;0;0;28;56;2;18;69;1
411060;30;1;2;5;0;0;20;0;18;0;0;0;0;18;20;0;4;0;34
411065;15;1;0;2;0;2;13;0;7;0;0;0;0;11;9;0;1;19;0
411070;379;1;0;6;0;6;216;0;176;3;8;3;0;153;215;10;141;249;2
411080;7;0;0;2;0;1;7;0;3;0;0;0;0;1;3;6;2;8;0
411090;14;0;0;2;0;0;7;1;8;0;0;0;0;6;10;0;0;16;0
411095;461;13;98;99;2;25;404;0;294;1;2;1;1;342;331;20;46;650;2
411100;140;7;2;27;0;4;115;0;65;1;1;0;1;93;84;0;5;174;1
411110;44;3;0;4;0;0;24;0;27;0;0;0;0;18;33;0;2;49;0
411120;28;0;0;1;0;0;10;0;19;0;0;0;0;6;22;1;5;24;0
411125;10;0;0;1;0;0;8;0;3;0;0;0;0;3;6;2;0;0;11
411130;1;0;0;0;0;0;0;0;1;0;0;0;0;0;1;0;0;1;0
411140;4;0;0;0;0;0;1;0;3;0;0;0;0;1;3;0;1;3;0
411150;216;8;2;29;5;8;144;1;123;1;2;2;0;109;149;5;127;141;0
411155;3;0;0;1;0;0;3;0;1;0;1;0;0;2;1;0;0;1;3
411160;8;0;0;0;0;0;6;0;2;0;0;0;0;6;2;0;3;5;0
411170;64;2;0;6;0;3;43;1;31;0;0;2;0;29;43;1;3;68;4
411180;286;20;0;36;1;5;207;1;140;7;8;7;0;142;174;10;123;213;12
411190;229;16;0;15;0;2;156;0;106;5;14;6;1;104;127;5;52;210;0
411200;124;2;0;2;0;1;62;0;67;3;2;1;0;41;82;0;6;123;0
411210;278;10;0;25;1;6;181;0;139;0;4;2;0;133;163;18;120;182;18
411220;4;0;0;1;0;0;4;0;1;0;0;0;0;4;1;0;0;5;0
411230;14;0;0;3;0;0;7;0;10;0;2;1;0;2;12;0;5;12;0
411240;129;3;1;6;0;0;80;0;59;2;6;1;0;69;61;0;9;130;0
411250;64;4;0;18;1;2;41;0;48;0;0;0;0;35;54;0;32;57;0
411260;5;0;0;0;0;1;4;0;2;0;1;0;0;3;2;0;0;6;0
411270;337;18;2;66;1;4;249;0;179;0;6;1;0;175;242;4;14;414;0
411275;64;0;1;5;0;3;37;0;36;0;0;0;0;31;40;2;3;70;0
411280;11;3;1;0;0;0;11;0;4;0;0;0;0;10;5;0;4;11;0
411290;3;0;0;0;0;0;0;0;3;0;0;0;0;0;3;0;3;0;0
411295;28;1;11;6;0;0;28;0;18;0;0;0;0;22;22;2;0;45;1
411300;235;10;1;66;0;30;161;0;181;4;5;1;1;103;200;28;67;274;1
411310;24;0;0;0;0;1;10;0;15;0;0;0;0;9;16;0;20;5;0
411320;28;0;0;3;0;2;17;0;16;1;1;0;0;9;17;5;4;15;14
411330;238;9;2;31;1;16;142;0;155;2;1;1;0;121;165;7;30;267;0
411340;64;9;1;42;0;2;81;0;37;1;2;1;0;66;46;2;16;102;0
411342;27;2;0;13;0;1;21;0;22;1;1;2;0;13;26;0;28;15;0
411345;6;0;0;2;0;0;4;0;4;0;0;1;0;3;4;0;2;6;0
411350;83;4;2;9;0;1;55;0;44;0;1;0;0;32;60;6;2;97;0
411360;106;9;0;45;0;3;75;1;87;2;2;0;1;44;103;11;7;156;0
411370;10908;658;258;1356;13;715;7524;6;6378;113;214;105;11;4658;8457;350;1178;12617;113
411373;21;2;0;4;0;2;11;0;18;0;0;1;0;5;22;1;0;29;0
411375;35;3;0;3;0;0;25;0;16;0;0;0;1;21;19;0;35;6;0
411380;61;7;0;20;0;2;51;0;39;1;0;0;0;50;38;1;24;66;0
411390;24;0;0;0;0;0;10;0;14;0;0;0;0;5;17;2;7;17;0
411400;20;0;0;1;0;0;9;0;12;1;0;0;0;10;10;0;5;16;0
411410;69;14;0;14;0;6;59;0;44;1;2;0;0;20;76;4;3;100;0
411420;330;18;10;45;0;9;255;1;156;2;2;2;0;214;186;6;40;372;0
411430;15;0;1;2;0;16;18;0;16;0;0;0;0;6;22;6;2;0;32
411435;5;0;1;0;0;0;6;0;0;0;0;2;0;4;0;0;0;4;2
411440;281;2;1;35;36;15;177;0;193;3;4;2;0;109;245;7;12;358;0
411450;65;1;3;34;148;8;127;0;132;0;1;1;1;72;170;14;42;216;1
411460;1584;46;8;294;1;67;1056;3;941;12;21;22;5;722;1171;47;22;1976;2
411470;9;0;0;8;0;1;9;0;9;0;0;0;0;7;10;1;1;0;17
411480;218;18;3;54;2;3;147;0;151;2;2;1;0;120;172;1;5;293;0
411490;35;0;0;1;0;0;19;0;17;1;2;0;0;8;22;3;23;13;0
411500;15;0;0;25;0;2;24;0;18;1;1;1;0;12;23;4;3;39;0
411510;5;0;1;0;0;1;2;0;5;0;0;0;0;2;5;0;0;0;7
411520;5333;168;130;450;12;467;3471;4;3085;34;63;29;13;2356;3666;399;299;6258;3
411530;141;10;0;18;0;5;88;0;86;2;1;1;0;55;112;3;10;164;0
411535;72;1;0;4;0;1;39;0;39;0;0;1;0;25;52;0;9;69;0
411540;138;1;2;10;0;2;76;0;77;0;0;2;2;41;89;19;4;140;9
411545;2;0;0;0;0;0;1;0;1;0;0;0;0;1;1;0;0;2;0
411550;28;1;0;8;0;1;18;0;20;0;0;0;0;11;24;3;28;10;0
411560;32;0;0;4;0;0;21;0;15;0;0;1;0;19;16;0;11;23;2
411570;111;2;2;21;0;2;62;0;76;0;1;2;0;50;77;8;12;96;30
411573;10;0;0;1;0;0;7;0;4;0;0;0;0;7;4;0;1;10;0
411575;27;0;0;1;0;0;11;0;17;2;2;1;0;3;20;0;11;17;0
411580;128;0;0;9;0;2;75;1;63;1;6;4;1;49;70;8;55;84;0
411585;52;2;0;8;0;0;29;0;33;1;0;0;0;27;34;0;2;60;0
411590;4;3;0;5;0;0;4;0;8;0;0;0;0;2;10;0;0;12;0
411600;29;4;1;10;0;1;19;0;26;0;0;0;0;19;26;0;12;33;0
411605;15;0;0;3;0;0;7;0;11;0;0;0;0;5;13;0;13;4;1
411610;121;19;0;60;0;1;107;0;94;5;7;2;0;73;114;0;8;192;1
411620;76;0;0;12;0;3;48;0;43;2;2;1;0;40;44;2;11;34;46
411630;11;0;0;3;0;0;5;0;9;0;0;0;0;5;9;0;7;7;0
411640;41;6;0;15;0;1;42;0;21;0;0;0;0;27;31;5;0;63;0
411650;1;0;0;0;0;0;1;0;0;0;0;0;0;1;0;0;0;1;0
411660;27;0;2;7;0;1;20;0;17;1;0;0;0;19;17;0;2;35;0
411670;94;9;1;8;0;8;77;0;43;0;1;0;1;60;54;4;9;111;0
411680;20;1;0;4;0;0;17;0;8;1;0;1;0;11;11;1;1;24;0
411690;329;14;8;112;0;75;264;0;274;4;4;3;2;138;328;59;32;506;0
411695;83;0;0;0;1;8;45;0;47;0;0;0;0;21;51;20;5;85;2
411700;177;16;1;17;0;12;130;0;93;2;2;0;1;99;115;4;17;204;2
411705;23;0;0;4;37;0;35;0;29;0;0;0;0;29;35;0;8;56;0
411710;64;7;1;63;0;1;51;0;85;1;0;0;0;37;92;6;15;121;0
411720;33;1;0;9;0;0;26;0;17;0;0;0;0;22;21;0;11;1;31
411721;153;15;5;25;1;13;116;0;96;2;1;2;0;101;105;1;19;193;0
411722;40;2;0;2;0;4;19;0;29;2;3;3;2;5;31;2;3;45;0
411725;119;4;0;10;0;11;89;0;55;0;1;1;0;60;70;12;2;140;2
411727;4;0;0;0;0;0;2;0;2;0;0;0;0;1;3;0;4;0;0
411729;65;1;1;2;0;0;37;0;32;0;0;0;0;25;44;0;39;30;0
411730;94;4;0;2;1;2;56;0;47;0;1;0;0;33;69;0;8;93;2
411740;44;3;0;4;0;3;28;0;26;0;1;0;0;14;33;6;5;49;0
411745;24;0;0;3;0;1;16;0;12;0;0;0;0;15;13;0;2;26;0
411750;182;15;0;64;1;6;127;0;141;4;1;3;0;95;153;12;6;262;0
411760;695;23;4;180;6;22;530;1;399;5;1;7;4;437;445;31;27;895;8
411770;110;0;0;4;0;1;47;0;68;1;0;1;0;35;77;1;12;103;0
411780;20;0;0;0;0;0;7;0;13;0;0;0;0;6;14;0;14;6;0
411790;1206;69;16;415;3;16;895;0;830;2;12;6;4;726;961;14;11;1713;1
411800;48;1;0;5;0;0;38;0;16;2;3;0;0;32;17;0;4;50;0
411810;83;11;2;21;0;6;64;0;59;1;0;0;0;51;65;6;5;118;0
411820;488;12;5;107;3;25;366;0;274;8;20;24;0;272;294;22;92;462;86
411830;1;0;0;2;0;0;1;0;2;0;0;0;0;0;3;0;0;3;0
411840;536;21;2;76;1;25;359;0;302;10;13;11;0;217;391;19;46;615;0
411845;137;1;0;7;0;1;70;0;76;2;0;0;0;56;88;0;12;134;0
411850;2618;52;13;317;6;64;1620;3;1447;9;12;9;2;1061;1934;43;52;2791;227
411860;21;0;0;0;0;0;15;0;6;2;0;0;0;10;9;0;4;16;1
411870;3;0;0;0;0;0;2;0;1;0;0;0;0;2;1;0;1;2;0
411880;21;1;0;4;0;1;15;0;12;0;0;0;1;11;15;0;4;23;0
411885;13;0;0;7;0;1;14;0;7;0;0;0;1;10;10;0;2;0;19
411890;5;0;1;4;0;1;8;0;3;0;0;0;1;6;3;1;1;0;10
411900;4;0;0;0;0;0;4;0;0;1;0;0;0;2;1;0;1;0;3
411910;2;0;0;0;0;0;0;0;2;0;0;0;0;0;2;0;0;0;2
411915;350;8;2;28;1;55;230;0;214;7;4;2;0;115;275;41;59;61;324
411920;33;0;1;1;0;0;20;0;15;0;2;1;0;14;18;0;2;32;1
411925;7;1;0;5;0;0;6;0;7;0;0;0;0;5;8;0;5;8;0
411930;22;0;1;8;0;2;13;0;20;1;2;0;0;9;21;0;3;30;0
411940;10;0;0;1;1;1;7;0;6;0;0;0;0;6;7;0;3;10;0
411950;118;24;1;17;1;5;98;0;68;1;3;1;0;56;94;11;10;29;127
411960;31;0;0;1;0;1;16;0;17;0;1;0;0;14;18;0;3;30;0
411965;27;0;0;0;0;0;14;0;13;0;0;0;0;11;15;1;6;21;0
411970;16;0;0;3;0;0;9;0;10;2;0;0;0;3;13;1;2;17;0
411980;53;0;0;4;0;2;25;0;34;0;0;0;0;21;37;1;11;44;4
411990;2789;66;42;238;10;39;1706;0;1478;43;39;45;8;1311;1697;41;130;2948;106
411995;100;4;1;7;0;4;58;0;58;0;0;0;0;38;64;14;4;29;83
412000;83;7;0;27;0;1;61;0;57;1;1;0;0;53;62;1;8;110;0
412010;18;3;0;3;0;0;12;0;12;0;0;0;0;11;13;0;0;24;0
412015;6;0;0;2;0;2;8;0;2;0;0;0;0;8;2;0;1;9;0
412020;12;0;0;6;0;0;8;0;10;0;0;0;0;5;13;0;0;18;0
412030;3;0;0;0;0;0;0;0;3;0;0;0;0;0;3;0;0;2;1
412033;53;3;7;6;0;2;40;0;31;0;0;0;0;36;35;0;24;46;1
412035;43;0;0;0;0;0;26;0;17;0;1;1;0;5;19;17;6;34;3
412040;16;1;0;2;0;0;10;0;9;0;0;0;0;5;12;2;2;17;0
412050;83;4;1;7;1;5;54;0;47;0;2;0;1;41;53;4;9;92;0
412060;345;6;1;30;1;53;184;0;252;1;3;2;2;164;258;6;31;405;0
412065;13;2;0;8;0;0;16;0;7;1;0;1;0;14;7;0;0;23;0
412070;54;1;0;2;0;1;30;0;28;0;1;0;0;23;34;0;12;45;1
412080;37;2;0;4;0;1;28;0;16;1;0;0;0;14;25;4;3;1;40
412085;11;2;0;0;0;0;4;0;9;0;0;0;0;1;12;0;2;11;0
412090;58;1;1;26;6;7;49;0;50;0;0;1;0;36;59;3;9;90;0
412100;8;0;0;6;0;0;9;0;5;0;2;1;0;4;7;0;2;12;0
412110;5;1;0;1;0;0;2;0;5;0;0;0;0;2;5;0;1;6;0
412120;70;0;1;5;1;3;44;0;36;0;3;0;0;20;45;12;4;0;76
412130;155;32;6;24;0;0;111;0;106;1;1;0;0;102;113;0;15;191;11
412135;3;0;0;4;0;0;1;0;6;0;0;1;0;0;6;0;0;1;6
412140;254;4;0;9;0;69;188;3;145;4;5;2;0;135;184;6;12;314;10
412150;159;3;1;10;0;0;87;0;86;1;1;0;0;69;100;2;115;58;0
412160;121;2;0;4;0;0;73;0;54;2;1;0;0;26;62;36;21;101;5
412170;94;2;1;6;0;3;49;0;57;0;0;1;0;35;69;1;1;84;21
412175;2;0;0;0;0;0;1;0;1;0;0;0;0;0;2;0;0;2;0
412180;24;3;0;2;0;1;19;0;11;0;0;1;0;14;15;0;13;15;2
412190;100;12;0;5;0;1;63;0;55;0;2;6;0;50;58;2;8;109;1
412200;70;0;0;0;0;1;30;0;41;1;3;2;0;18;47;0;19;40;12
412210;31;0;0;5;0;0;21;0;15;2;1;0;0;12;21;0;34;2;0
412215;58;3;0;8;0;1;36;0;34;0;0;0;1;30;38;1;2;68;0
412217;35;4;2;1;0;0;22;0;20;0;2;1;0;18;21;0;29;13;0
412220;26;0;0;0;0;0;9;0;17;0;0;0;0;5;18;3;3;1;22
412230;36;1;0;5;0;1;28;0;15;0;0;0;0;12;25;6;2;1;40
412240;1427;106;12;363;3;18;995;0;934;22;23;12;2;792;1058;20;32;1892;5
412250;25;0;0;5;0;0;16;0;14;0;0;1;0;15;14;0;5;25;0
412260;26;2;1;2;0;4;19;0;16;1;1;0;1;15;17;0;8;27;0
412265;45;3;0;6;0;1;32;0;23;0;0;0;1;25;28;1;24;31;0
412270;53;2;0;5;0;0;26;0;34;0;0;0;0;25;35;0;37;23;0
412280;19;1;0;0;0;0;9;0;11;0;0;0;0;8;11;1;2;16;2
412290;14;4;0;8;0;0;10;1;15;0;0;0;1;7;18;0;1;25;0
412300;388;7;1;30;0;26;232;1;219;2;1;4;0;140;271;34;9;437;6
412310;119;6;1;39;18;2;106;0;79;1;3;1;0;88;92;0;19;165;1
412320;83;4;1;54;0;0;70;0;72;0;1;0;0;53;87;1;13;126;3
412330;12;0;0;4;0;0;3;0;13;0;0;0;0;3;13;0;0;16;0
412340;170;14;2;7;0;2;108;0;87;2;4;1;0;75;110;3;4;191;0
412350;689;54;0;67;4;52;457;1;408;0;1;1;1;312;505;46;9;855;2
412360;3;0;0;6;0;1;4;0;6;0;0;0;0;2;8;0;8;2;0
412370;73;9;0;9;2;2;53;1;41;1;1;1;0;43;45;4;1;94;0
412380;182;0;0;17;0;4;108;0;95;2;4;4;0;65;116;12;16;180;7
412382;4;0;0;0;0;0;4;0;0;0;0;0;0;4;0;0;1;3;0
412385;28;0;0;7;0;1;19;0;17;0;0;1;0;13;22;0;35;1;0
412390;207;26;2;43;0;9;153;0;134;0;5;6;1;122;150;3;40;244;3
412395;3;0;0;0;0;0;2;0;1;0;0;0;0;1;2;0;0;3;0
412400;54;0;0;0;0;1;31;0;24;1;1;0;0;20;33;0;14;37;4
412402;57;1;0;12;0;1;33;0;38;0;0;0;1;18;51;1;10;61;0
412405;61;3;0;7;0;2;33;0;40;2;1;0;0;24;45;1;16;57;0
412410;693;35;2;30;0;3;418;0;345;7;5;6;1;355;388;1;138;612;13
412420;1;0;0;0;0;0;0;0;1;0;0;0;0;0;1;0;0;1;0
412430;20;0;0;1;0;0;15;0;6;0;0;0;0;12;9;0;3;18;0
412440;129;2;2;4;0;8;88;0;57;0;1;0;0;26;85;33;13;127;5
412450;19;0;0;1;0;0;8;0;12;0;0;0;0;4;16;0;13;7;0
412460;30;2;0;7;0;0;18;0;21;0;0;0;0;11;27;1;0;39;0
412470;126;5;0;27;9;6;98;0;75;0;4;3;0;77;89;0;10;161;2
412480;20;0;0;2;0;1;9;0;14;0;0;0;0;3;15;5;16;7;0
412490;1;0;0;0;0;0;1;0;0;0;0;0;0;0;1;0;0;1;0
412500;22;1;0;4;0;0;12;0;15;0;0;1;0;7;19;0;5;22;0
412510;9;0;0;0;0;0;4;0;5;0;0;1;0;2;5;1;1;8;0
412520;11;0;0;0;0;0;6;0;5;0;0;0;0;4;7;0;1;9;1
412530;10;0;0;1;0;0;3;0;8;0;0;0;0;3;8;0;2;9;0
412535;1;1;0;0;0;0;0;0;2;0;0;0;0;0;2;0;2;0;0
412540;19;0;0;0;0;0;10;0;9;0;0;0;0;8;11;0;8;9;2
412545;1;0;0;2;0;0;2;0;1;0;1;0;0;1;1;0;2;1;0
412550;1527;44;22;118;2;313;1063;3;960;20;32;24;8;600;1131;211;139;1369;518
412555;6;1;0;1;0;0;4;0;4;0;0;0;0;3;5;0;1;7;0
412560;284;8;1;14;0;3;147;0;163;6;13;12;0;97;176;6;8;302;0
412570;60;3;0;4;0;4;34;0;37;0;0;0;0;22;46;3;13;58;0
412575;194;27;40;70;5;8;186;0;158;0;1;3;0;106;225;9;1;343;0
412580;14;1;0;2;1;0;8;0;10;1;0;0;0;7;10;0;15;3;0
412590;2;0;0;0;0;0;1;0;1;0;0;0;0;0;2;0;0;2;0
412600;158;9;5;66;0;2;132;0;108;2;7;0;0;101;130;0;9;230;1
412610;32;1;0;4;0;0;26;0;11;0;3;1;0;7;25;1;0;36;1
412620;15;0;0;1;0;0;10;0;6;1;0;1;0;8;6;0;12;4;0
412625;307;10;1;47;0;38;223;1;179;5;15;6;1;139;220;17;34;369;0
412627;75;5;6;3;0;2;51;0;40;1;0;0;0;44;45;1;3;87;1
412630;57;2;0;6;0;0;29;1;35;0;0;0;0;14;51;0;4;59;2
412635;29;2;0;0;0;0;12;0;19;0;0;0;0;12;19;0;6;25;0
412640;40;3;3;123;0;2;101;0;70;1;0;3;1;80;86;0;10;161;0
412650;574;20;2;58;1;8;325;0;338;2;2;1;1;231;418;8;71;591;1
412660;82;4;0;2;0;2;50;0;40;1;4;0;0;26;57;2;18;69;3
412665;14;0;0;1;0;1;6;0;10;0;0;0;0;5;10;1;4;12;0
412667;52;1;1;3;0;2;26;0;33;0;0;1;0;13;39;6;6;53;0
412670;67;3;4;10;0;3;40;0;47;0;0;0;1;31;55;0;3;84;0
412680;44;4;1;10;0;9;37;0;31;1;3;1;0;29;31;3;6;62;0
412690;1;0;0;0;0;0;1;0;0;0;0;0;0;1;0;0;1;0;0
412700;14;0;0;0;0;0;2;0;12;0;0;0;0;2;12;0;6;8;0
412710;631;16;1;32;0;9;357;0;332;5;5;2;2;210;456;9;33;591;65
412720;78;3;1;9;0;1;52;0;40;1;0;1;0;40;49;1;4;87;1
412730;8;2;0;4;0;0;6;0;8;0;1;0;0;4;9;0;3;11;0
412740;269;11;2;37;15;2;155;2;179;3;0;1;1;118;205;8;7;329;0
412750;39;0;0;7;0;3;21;0;28;0;1;0;0;16;32;0;5;35;9
412760;67;1;0;5;0;3;41;0;35;0;0;0;0;23;46;7;1;5;70
412770;1388;46;10;182;8;100;863;4;867;12;22;8;2;632;979;79;115;1618;1
412780;44;2;0;0;0;1;23;0;24;3;0;0;0;16;28;0;11;34;2
412785;73;2;0;5;2;1;39;0;44;0;0;1;0;31;48;3;7;76;0
412788;15;0;0;2;0;2;7;0;12;0;0;0;0;2;14;3;0;2;17
412790;7;2;0;7;0;0;8;0;8;0;0;0;0;5;8;3;4;12;0
412795;16;0;0;0;0;0;6;0;10;0;0;0;0;6;10;0;1;15;0
412796;77;2;0;7;16;9;47;0;64;0;1;1;0;41;65;3;55;56;0
412800;197;4;3;19;0;0;130;0;93;2;2;1;0;113;104;1;21;201;1
412810;709;26;16;90;1;46;467;0;421;7;11;3;0;333;516;18;150;6;732
412820;405;12;1;31;0;13;236;0;226;4;4;4;0;174;266;10;60;398;4
412830;12;4;0;3;0;0;10;0;9;0;0;0;0;5;12;2;5;14;0
412840;315;23;9;71;0;10;249;0;179;1;2;5;0;229;190;1;25;401;2
412850;25;0;0;1;0;1;13;0;14;0;0;1;0;10;16;0;11;14;2
412853;7;0;0;0;0;1;4;0;4;0;0;1;0;3;4;0;3;0;5
412855;112;7;1;15;0;6;88;0;53;0;1;0;0;67;66;7;9;132;0
412860;14;4;0;5;0;0;11;0;12;0;0;0;0;10;13;0;6;13;4
412862;3;0;0;0;0;2;0;0;5;0;0;0;0;0;5;0;0;0;5
412865;19;0;0;4;0;0;10;0;13;0;0;0;0;10;13;0;3;20;0
412870;24;0;0;4;0;0;19;0;9;0;0;0;0;11;17;0;5;23;0
412880;2;0;0;0;0;0;0;0;2;0;0;0;0;0;2;0;1;0;1
420010;7;0;0;2;0;0;5;0;4;0;0;0;0;5;4;0;6;3;0
420040;1;0;0;0;0;0;0;0;1;0;0;0;0;0;1;0;1;0;0
420060;1;0;0;0;0;0;0;0;1;0;0;0;0;0;1;0;1;0;0
420075;1;1;0;0;0;0;2;0;0;0;0;0;0;2;0;0;0;2;0
420080;1;0;0;1;0;0;0;0;2;0;0;0;0;0;2;0;2;0;0
420100;12;0;0;0;0;0;6;0;6;0;0;0;0;6;6;0;12;0;0
420125;5;0;0;0;0;0;4;0;1;0;0;0;0;4;1;0;4;1;0
420127;15;0;0;0;0;1;7;0;9;0;2;1;0;4;9;0;13;3;0
420140;72;3;0;3;0;1;52;0;27;1;3;4;0;39;29;3;76;3;0
420150;9;0;0;0;0;0;4;0;5;0;0;0;0;3;5;1;6;3;0
420160;1;0;0;0;0;0;1;0;0;0;0;0;0;1;0;0;1;0;0
420165;0;0;2;0;0;0;0;0;2;0;0;0;0;0;2;0;1;1;0
420200;63;0;1;2;0;2;41;0;27;0;2;6;0;25;32;3;66;2;0
420213;1;0;0;0;0;0;0;0;1;0;0;0;0;0;1;0;1;0;0
420215;1;0;0;0;0;0;0;0;1;0;0;0;0;0;1;0;0;1;0
420220;5;0;0;0;0;0;1;0;4;0;0;0;0;1;4;0;5;0;0
420230;5;0;0;0;2;1;4;0;4;0;0;0;0;3;4;1;7;1;0
420240;239;4;0;0;1;5;140;0;109;2;3;9;0;108;127;0;242;7;0
420243;1;0;0;0;0;0;1;0;0;0;0;0;0;1;0;0;1;0;0
420245;2;0;0;0;0;0;1;0;1;0;0;0;0;1;1;0;2;0;0
420260;2;1;0;0;0;0;1;0;2;0;0;0;0;1;2;0;3;0;0
420280;63;5;0;2;0;2;34;0;38;1;3;2;0;26;39;1;65;7;0
420287;2;0;0;0;0;0;2;0;0;0;0;0;0;1;1;0;1;1;0
420290;69;0;0;3;0;6;39;0;39;2;1;0;0;27;47;1;74;4;0
420300;90;0;0;10;0;4;60;0;44;1;3;3;0;48;48;1;88;16;0
420310;9;0;0;1;0;0;1;0;9;0;0;0;0;1;9;0;10;0;0
420320;10;0;0;0;0;0;5;0;5;0;2;0;0;3;5;0;10;0;0
420325;1;0;0;0;0;0;1;0;0;0;0;0;0;1;0;0;1;0;0
420330;2;0;0;0;0;0;0;0;2;0;0;0;0;0;2;0;2;0;0
420350;56;1;0;4;0;0;34;0;27;1;1;1;0;26;31;1;59;2;0
420360;36;0;0;1;0;2;21;0;18;1;1;2;0;17;18;0;29;10;0
420380;115;1;0;4;0;7;66;0;61;3;2;3;0;43;66;10;107;20;0
420390;21;0;0;1;0;1;8;0;15;0;0;0;0;5;17;1;14;9;0
420395;44;6;0;1;0;9;29;0;31;1;2;1;0;24;31;1;52;8;0
420410;12;0;0;0;0;0;6;0;6;0;0;0;0;6;6;0;11;1;0
420419;1;0;0;0;0;0;0;0;1;0;0;0;0;0;1;0;1;0;0
420420;154;0;0;4;1;1;86;0;74;6;4;7;0;46;93;4;140;20;0
420425;4;0;0;0;0;0;1;0;3;0;0;0;0;1;3;0;3;1;0
420430;284;4;0;3;0;3;128;0;166;1;3;4;0;104;182;0;271;23;0
420450;1;0;0;0;0;0;1;0;0;0;0;0;0;0;1;0;1;0;0
420460;297;12;0;5;1;6;182;0;139;10;19;11;0;90;178;13;305;16;0
420470;5;0;0;0;0;0;3;0;2;0;0;1;0;2;2;0;5;0;0
420480;30;2;0;3;0;2;20;0;17;0;1;0;0;14;21;1;31;6;0
420490;1;0;0;0;0;0;0;0;1;0;0;0;0;0;1;0;1;0;0
420500;6;0;0;0;0;0;4;0;2;0;0;0;0;3;3;0;3;3;0
420515;2;0;0;0;0;0;1;0;1;0;0;0;0;1;1;0;2;0;0
420520;3;0;0;0;0;0;2;0;1;0;0;0;0;2;1;0;3;0;0
420530;15;0;1;2;0;0;9;0;9;1;1;1;0;4;9;2;17;1;0
420540;653;46;5;36;0;91;470;0;361;7;28;22;0;231;470;73;749;81;1
420545;12;0;0;0;0;0;9;0;3;0;1;1;0;5;5;0;10;2;0
420550;67;0;1;0;0;2;35;0;35;6;7;5;0;15;37;0;62;8;0
420560;1;0;0;0;0;0;1;0;0;0;0;0;0;1;0;0;0;1;0
420570;16;1;0;0;0;0;11;0;6;2;0;1;0;7;7;0;13;4;0
420590;24;1;0;2;0;1;19;0;9;0;0;1;0;9;11;7;24;4;0
420600;2;0;0;0;0;0;2;0;0;0;0;0;0;2;0;0;2;0;0
420620;4;0;0;0;0;0;1;0;3;0;0;0;0;1;3;0;3;1;0
420640;7;0;0;0;0;2;5;0;4;0;0;1;0;4;4;0;8;1;0
420650;52;1;0;3;0;1;34;0;23;3;0;1;0;22;31;0;53;3;1
420660;1;0;0;0;0;0;1;0;0;0;0;0;0;0;0;1;1;0;0
420670;3;0;0;3;0;0;5;0;1;0;0;0;0;4;2;0;5;1;0
420680;7;0;0;0;0;0;2;0;5;0;0;0;0;2;5;0;6;1;0
420690;41;0;0;0;1;0;22;0;20;2;1;0;0;18;21;0;42;0;0
420700;47;0;1;0;0;0;27;0;21;1;1;0;0;17;27;2;46;2;0
420720;14;1;1;0;0;1;10;0;7;0;0;0;0;10;7;0;16;1;0
420730;55;1;0;1;0;2;30;0;29;1;1;0;0;26;29;2;54;5;0
420750;69;1;0;1;1;3;36;0;39;5;2;0;0;23;45;0;73;2;0
420757;1;0;0;0;0;0;0;0;1;0;0;0;0;0;1;0;1;0;0
420760;3;0;0;0;0;0;2;0;1;0;0;0;0;2;1;0;3;0;0
420765;14;0;0;0;0;3;11;0;6;0;1;0;0;8;7;1;16;1;0
420770;19;4;0;1;0;0;11;0;13;0;1;0;0;9;14;0;24;0;0
420775;1;0;0;0;0;0;0;0;1;0;0;0;0;0;1;0;0;1;0
420780;1;0;0;0;0;0;1;0;0;0;1;0;0;0;0;0;1;0;0
420790;8;0;0;1;0;0;7;0;2;1;0;0;0;5;3;0;8;1;0
420800;32;0;0;2;0;1;20;0;15;4;1;0;0;15;15;0;34;1;0
420810;4;0;0;0;0;0;2;0;2;0;0;0;0;2;2;0;4;0;0
420820;292;10;0;15;0;10;174;0;153;8;17;11;0;56;234;1;312;15;0
420830;9;0;0;0;0;1;9;0;1;0;0;0;0;9;1;0;10;0;0
420840;7;0;0;2;0;0;7;0;2;0;0;0;0;5;3;1;9;0;0
420850;8;0;0;0;0;0;5;0;3;0;0;0;0;5;3;0;7;1;0
420860;3;0;0;0;0;0;0;0;3;0;0;0;0;0;3;0;3;0;0
420870;6;0;0;0;0;0;3;0;3;0;1;0;0;0;4;1;6;0;0
420880;78;8;0;0;0;7;52;0;41;0;1;2;0;36;50;4;80;13;0
420890;348;5;0;4;0;7;204;0;160;7;15;15;0;152;173;2;353;11;0
420900;109;0;1;3;0;1;62;0;52;2;0;1;0;54;55;2;95;19;0
420910;466;13;1;7;7;21;323;0;192;13;32;31;0;197;235;7;495;19;1
420915;1;0;0;0;0;0;1;0;0;0;0;0;0;1;0;0;1;0;0
420930;126;7;0;3;0;3;95;0;44;5;12;15;0;53;53;1;129;10;0
420940;42;3;0;2;0;16;44;0;19;2;1;1;0;38;20;1;61;1;1
420950;1;0;0;0;0;0;0;0;1;0;0;0;0;0;1;0;1;0;0
420960;9;0;0;0;0;0;6;0;3;0;1;0;0;5;3;0;9;0;0
420985;33;0;1;0;0;0;24;0;10;0;2;0;0;21;11;0;23;11;0
420990;2;0;0;0;0;0;1;0;1;0;0;0;0;0;2;0;1;1;0
421000;2;0;0;0;0;0;1;0;1;0;0;0;0;0;2;0;2;0;0
421003;6;1;0;0;0;0;3;0;4;0;0;0;0;3;4;0;5;2;0
421010;35;1;0;4;0;1;22;0;19;1;1;1;0;18;19;1;39;2;0
421030;5;0;0;0;0;0;3;0;2;0;0;0;0;3;2;0;4;1;0
421050;10;0;0;2;0;0;5;0;7;0;0;1;0;4;7;0;9;3;0
421055;1;0;0;0;0;0;1;0;0;0;0;0;0;1;0;0;1;0;0
421060;9;0;0;0;0;0;5;0;4;0;0;0;0;5;4;0;8;1;0
421080;4;0;0;0;0;0;3;0;1;0;0;0;0;3;1;0;3;1;0
421090;4;0;0;0;0;0;0;0;4;0;0;0;0;0;4;0;4;0;0
421100;1;0;1;0;0;0;1;0;1;0;0;0;0;1;1;0;2;0;0
421105;9;0;0;0;0;0;6;0;3;0;0;0;0;6;3;0;7;2;0
421110;4;0;0;0;0;0;0;0;4;0;0;0;0;0;4;0;4;0;0
421120;11;1;0;0;0;0;8;0;4;1;0;1;0;4;5;1;11;1;0
421130;41;1;0;2;0;0;22;0;22;2;0;0;0;8;34;0;43;1;0
421140;3;0;0;0;0;0;2;0;1;0;0;0;0;2;1;0;3;0;0
421150;1;0;0;0;0;0;1;0;0;0;0;0;0;1;0;0;1;0;0
421160;21;1;0;2;0;2;14;0;12;0;0;1;0;13;12;0;24;2;0
421170;73;0;0;2;0;1;48;0;28;1;3;2;0;36;32;2;66;10;0
421175;2;0;1;0;0;0;1;0;2;1;0;0;0;0;2;0;2;1;0
421180;5;0;0;0;0;0;2;0;3;0;0;0;0;2;3;0;5;0;0
421190;6;0;0;0;0;0;5;0;1;1;0;1;0;2;2;0;6;0;0
421200;8;0;0;0;0;0;3;0;5;0;0;0;0;1;6;1;8;0;0
421210;62;2;0;2;0;0;28;0;38;0;0;1;0;21;44;0;63;3;0
421220;3;0;0;0;0;1;2;0;2;0;0;0;0;2;2;0;3;1;0
421250;2;0;0;1;0;0;3;0;0;0;1;0;0;2;0;0;2;1;0
421260;1;0;0;0;0;0;1;0;0;0;0;0;0;1;0;0;1;0;0
421270;1;0;0;0;0;0;1;0;0;0;0;0;0;1;0;0;1;0;0
421280;13;0;0;0;0;0;9;0;4;0;0;0;0;8;4;1;12;1;0
421290;50;6;0;0;0;0;22;0;34;0;0;0;0;16;40;0;55;1;0
421300;2;0;0;0;0;0;1;0;1;0;0;0;0;1;1;0;0;2;0
421310;10;1;0;1;0;2;7;0;7;0;1;0;0;5;8;0;13;1;0
421320;34;1;0;0;0;0;19;0;16;0;0;2;0;15;18;0;34;1;0
421330;3;0;0;0;0;0;2;0;1;0;0;0;0;2;1;0;2;1;0
421335;1;0;0;0;0;0;0;0;1;0;0;0;0;0;1;0;0;1;0
421340;1;0;0;0;0;0;0;0;1;0;0;0;0;0;1;0;1;0;0
421360;24;1;0;0;0;1;13;0;13;0;1;1;0;11;13;0;16;10;0
421370;1;0;0;0;0;0;1;0;0;0;0;0;0;1;0;0;1;0;0
421380;0;1;0;0;0;0;1;0;0;1;0;0;0;0;0;0;1;0;0
421390;13;0;0;0;0;1;6;0;8;0;0;0;0;6;8;0;12;2;0
421415;1;0;0;0;0;0;1;0;0;0;0;0;0;1;0;0;1;0;0
421420;12;0;0;1;0;0;6;0;7;0;0;0;0;6;7;0;10;3;0
421440;2;0;0;0;0;0;0;0;2;0;0;0;0;0;2;0;1;1;0
421470;2;0;0;0;0;0;0;0;2;0;0;0;0;0;2;0;2;0;0
421480;29;0;0;0;0;0;17;0;12;0;1;0;0;9;19;0;28;1;0
421490;10;0;0;1;0;0;6;0;5;0;0;0;0;6;5;0;10;1;0
421500;5;0;0;0;0;1;3;0;3;0;0;1;0;2;3;0;6;0;0
421505;1;0;0;0;0;0;0;0;1;0;0;0;0;0;1;0;1;0;0
421507;2;0;0;0;0;0;0;0;2;0;0;0;0;0;2;0;2;0;0
421530;1;0;0;0;0;0;0;0;1;0;0;0;0;0;1;0;1;0;0
421540;2;0;0;0;0;0;2;0;0;0;0;0;0;1;0;1;2;0;0
421545;9;0;0;0;0;0;6;0;3;0;0;0;0;6;3;0;6;3;0
421550;11;0;0;0;0;1;7;0;5;0;0;2;0;3;7;0;10;2;0
421555;2;0;0;0;0;0;1;0;1;0;0;0;0;0;2;0;2;0;0
421560;4;0;0;0;0;0;3;0;1;0;1;1;0;1;1;0;2;2;0
421570;6;0;0;0;0;1;5;0;2;0;0;2;0;3;2;0;3;4;0
421580;66;0;0;2;0;2;38;0;32;2;2;0;0;26;40;0;70;0;0
421590;2;0;0;0;0;0;2;0;0;1;0;0;0;1;0;0;1;1;0
421600;10;2;0;4;0;0;7;0;9;0;0;0;0;5;11;0;13;3;0
421605;2;0;0;0;0;0;1;0;1;0;0;0;0;0;2;0;0;2;0
421610;9;0;0;0;0;1;3;0;7;0;0;0;0;3;7;0;9;1;0
421620;20;0;0;2;0;3;16;0;9;2;3;4;0;4;12;0;23;2;0
421625;2;0;0;0;0;0;0;0;2;0;0;0;0;0;2;0;2;0;0
421630;2;0;0;1;0;0;2;0;1;0;0;0;0;2;1;0;3;0;0
421650;4;1;0;0;0;0;3;0;2;0;1;0;0;2;2;0;5;0;0
421660;130;4;0;8;0;14;94;0;62;11;9;6;0;54;64;12;146;10;0
421670;18;0;0;0;0;0;7;0;11;0;0;0;0;6;12;0;15;3;0
421680;8;0;0;2;0;0;4;0;6;0;0;0;0;2;8;0;6;4;0
421690;75;0;0;0;0;0;43;0;32;1;1;1;0;33;36;3;73;2;0
421700;1;0;0;0;0;0;1;0;0;0;0;0;0;1;0;0;1;0;0
421710;1;0;0;0;0;0;1;0;0;0;0;0;0;1;0;0;1;0;0
421720;30;0;0;0;0;0;18;0;12;0;0;2;0;14;13;1;29;1;0
421730;16;0;1;0;0;0;8;0;9;1;0;0;0;7;9;0;15;2;0
421740;3;0;0;0;0;0;2;0;1;1;0;0;0;1;1;0;3;0;0
421750;16;0;0;1;1;0;5;0;13;0;0;0;0;3;15;0;18;0;0
421760;4;0;0;1;0;0;3;0;2;1;0;0;0;2;2;0;3;2;0
421770;11;1;0;0;0;1;5;0;8;1;0;0;0;2;10;0;12;1;0
421790;4;0;0;0;0;0;0;0;4;0;0;0;0;0;4;0;3;1;0
421800;3;0;0;0;0;0;2;0;1;1;0;0;0;1;1;0;1;2;0
421820;49;1;1;0;0;1;22;0;30;4;1;1;0;14;32;0;34;18;0
421830;37;1;0;4;0;0;27;0;15;0;3;2;0;20;15;2;41;1;0
421835;5;0;0;0;0;0;4;0;1;0;0;0;0;3;2;0;5;0;0
421840;6;0;0;0;0;0;2;0;4;0;0;0;0;2;4;0;5;1;0
421850;0;1;0;0;0;0;0;0;1;0;0;0;0;0;1;0;1;0;0
421860;1;1;0;0;0;0;2;0;0;0;0;0;0;2;0;0;2;0;0
421870;842;44;1;6;1;20;506;0;408;13;24;21;0;405;437;14;673;239;2
421875;24;1;0;4;0;0;10;0;19;0;1;0;0;6;21;1;29;0;0
421880;9;0;0;0;0;0;5;0;4;0;0;0;0;5;4;0;9;0;0
421895;1;0;0;1;0;0;2;0;0;0;0;0;0;2;0;0;2;0;0
421900;11;0;0;0;0;0;6;0;5;0;1;1;0;4;5;0;11;0;0
421910;5;0;0;2;0;0;3;0;4;0;0;1;0;2;4;0;1;6;0
421930;101;0;2;6;0;1;58;0;52;6;7;5;0;34;55;3;106;4;0
421950;48;7;0;2;2;2;31;0;30;0;1;1;0;25;34;0;43;18;0
421960;14;0;0;0;0;0;5;0;9;0;0;1;0;4;9;0;14;0;0
421970;41;0;0;13;0;3;26;0;31;0;0;0;0;25;32;0;30;27;0
430003;1;0;0;0;0;0;0;0;1;0;0;0;0;0;1;0;1;0;0
430010;4;0;0;0;0;0;2;0;2;0;0;0;0;0;2;2;3;1;0
430030;0;1;0;0;0;0;1;0;0;0;0;1;0;0;0;0;0;1;0
430040;55;2;0;2;0;1;31;0;29;0;5;7;0;15;33;0;46;14;0
430045;1;0;0;0;0;0;0;0;1;0;0;0;0;0;1;0;0;1;0
430050;1;0;0;0;0;0;0;0;1;0;0;0;0;0;1;0;1;0;0
430055;1;0;0;0;0;0;1;0;0;0;0;0;0;1;0;0;1;0;0
430060;70;8;1;2;0;3;46;0;38;1;6;5;0;19;52;1;41;43;0
430064;1;0;0;0;0;0;1;0;0;0;1;0;0;0;0;0;0;1;0
430070;6;0;0;0;0;0;2;0;4;0;0;0;0;2;4;0;6;0;0
430080;4;0;0;0;0;1;3;0;2;0;0;1;0;1;3;0;1;4;0
430090;4;0;0;0;0;0;0;0;4;0;0;0;0;0;4;0;0;4;0
430100;5;0;0;0;0;0;5;0;0;1;0;0;0;2;2;0;4;1;0
430110;1;0;0;0;0;0;1;0;0;0;0;0;0;1;0;0;1;0;0
430130;27;1;0;0;0;0;13;0;15;0;0;0;0;10;15;3;4;24;0
430140;2;1;0;0;0;0;1;0;2;0;0;0;0;1;2;0;3;0;0
430155;1;0;0;0;0;0;0;0;1;0;0;0;0;0;1;0;0;1;0
430160;68;3;0;3;0;3;41;0;36;2;4;5;0;25;40;1;58;19;0
430163;1;0;0;0;0;0;1;0;0;0;0;0;0;1;0;0;0;1;0
430170;12;0;0;1;0;0;3;0;10;0;0;0;0;2;10;1;2;11;0
430180;1;0;0;0;0;0;0;0;1;0;0;0;0;0;1;0;1;0;0
430185;7;0;0;0;0;0;4;0;3;0;0;0;0;1;6;0;6;1;0
430187;1;0;0;0;0;0;0;0;1;0;0;0;0;0;1;0;1;0;0
430190;1;0;0;0;2;0;2;0;1;0;0;0;0;2;1;0;0;3;0
430192;0;0;0;1;0;0;1;0;0;0;0;0;0;1;0;0;0;1;0
430205;0;0;0;0;3;0;3;0;0;0;1;1;0;1;0;0;0;3;0
430210;233;4;0;8;0;19;128;0;136;2;2;6;0;86;158;10;171;93;0
430220;1;0;0;0;0;0;0;0;1;0;0;0;0;0;1;0;1;0;0
430230;4;0;0;0;0;0;3;0;1;0;0;0;0;3;1;0;0;4;0
430235;2;0;0;0;0;0;2;0;0;0;1;0;0;1;0;0;0;2;0
430240;3;0;0;0;0;0;3;0;0;1;0;0;0;2;0;0;2;1;0
430245;1;0;0;0;0;0;0;0;1;0;0;0;0;0;1;0;0;1;0
430250;1;0;0;0;0;0;0;0;1;0;0;0;0;0;1;0;1;0;0
430280;2;0;0;0;2;0;3;0;1;0;0;0;0;1;3;0;4;0;0
430290;0;1;0;0;0;0;1;0;0;0;0;1;0;0;0;0;1;0;0
430300;10;1;0;1;0;0;8;0;4;0;0;1;0;5;6;0;12;0;0
430310;35;1;0;5;0;3;22;0;22;0;1;2;1;5;34;1;35;9;0
430320;2;0;0;0;1;0;2;0;1;0;0;0;0;2;1;0;3;0;0
430350;7;0;0;0;0;0;6;0;1;0;0;0;0;1;2;4;4;3;0
430370;31;0;0;1;0;1;13;0;20;0;0;2;0;7;21;3;3;30;0
430380;16;0;0;1;0;1;7;0;11;0;0;0;0;5;13;0;2;16;0
430390;25;1;0;1;0;11;14;4;20;0;1;0;0;7;23;7;34;4;0
430420;9;0;0;0;0;3;8;0;4;0;1;0;0;3;8;0;0;12;0
430430;7;0;0;0;0;0;1;0;6;0;0;0;0;1;6;0;1;6;0
430440;39;1;0;0;0;0;28;0;12;2;3;6;0;12;17;0;12;28;0
430450;18;4;0;0;0;0;14;0;8;0;0;0;0;13;8;1;10;12;0
430460;164;16;5;17;3;20;116;0;109;0;6;6;0;61;145;7;162;63;0
430463;16;0;0;1;0;0;9;0;8;0;1;0;0;7;8;1;15;2;0
430468;3;0;0;0;1;0;4;0;0;0;0;0;0;4;0;0;0;4;0
430470;63;0;0;1;0;0;30;0;34;0;2;0;0;24;38;0;61;3;0
430480;33;0;0;2;0;0;25;0;10;1;0;0;0;17;17;0;31;4;0
430485;0;0;0;0;0;1;0;0;1;0;0;0;0;0;1;0;0;1;0
430490;2;0;0;0;0;0;2;0;0;0;0;0;0;1;1;0;2;0;0
430510;310;4;1;27;1;65;209;1;198;3;4;9;0;71;256;65;289;119;0
430520;5;0;0;0;0;0;2;0;3;0;0;0;0;2;3;0;1;4;0
430530;3;0;0;0;0;0;0;0;3;0;0;0;0;0;3;0;1;2;0
430535;1;0;0;0;0;0;0;0;1;0;0;0;0;0;1;0;1;0;0
430537;0;0;0;0;1;0;0;0;1;0;0;0;0;0;1;0;1;0;0
430545;6;1;0;0;0;0;4;0;3;0;0;0;0;3;4;0;5;2;0
430590;1;0;0;0;0;0;0;0;1;0;0;0;0;0;1;0;0;1;0
430595;1;0;0;0;0;0;1;0;0;0;0;0;0;1;0;0;0;1;0
430610;23;0;0;1;0;0;13;0;11;0;5;1;0;2;16;0;22;2;0
430620;4;0;0;0;0;0;3;0;1;0;0;0;0;1;3;0;2;2;0
430630;1;0;0;0;0;0;1;0;0;0;0;0;0;1;0;0;1;0;0
430632;3;0;0;0;0;0;1;0;2;0;0;0;0;0;3;0;3;0;0
430635;1;0;0;0;0;0;1;0;0;0;0;0;0;0;1;0;1;0;0
430640;9;0;0;0;1;12;12;0;10;0;0;0;0;5;13;4;14;8;0
430660;10;0;0;0;0;0;6;0;4;0;0;0;0;5;5;0;2;8;0
430673;2;0;0;0;0;0;0;0;2;0;0;0;0;0;2;0;1;1;0
430675;1;0;0;0;0;1;0;0;2;0;0;0;0;0;2;0;1;1;0
430676;1;0;0;0;0;0;0;0;1;0;0;0;0;0;1;0;0;1;0
430680;7;0;0;0;0;0;3;0;4;0;0;0;0;0;7;0;6;1;0
430690;5;0;0;0;0;0;2;0;3;0;0;0;0;1;4;0;4;1;0
430695;4;0;0;0;0;0;3;0;1;1;0;0;0;1;2;0;2;2;0
430700;209;2;1;3;2;12;97;0;132;4;1;3;0;17;147;57;42;187;0
430710;1;1;0;0;0;0;0;0;2;0;0;0;0;0;2;0;1;1;0
430720;1;0;0;0;0;0;0;0;1;0;0;0;0;0;1;0;0;1;0
430730;2;0;0;0;0;0;1;0;1;0;0;0;0;1;1;0;1;1;0
430745;1;0;0;0;0;0;0;0;1;0;0;0;0;0;1;0;1;0;0
430750;4;0;0;1;0;0;1;0;4;1;0;0;0;0;4;0;5;0;0
430755;20;1;0;0;0;1;17;0;5;0;1;0;0;10;11;0;0;22;0
430760;30;0;0;3;0;1;18;0;16;0;3;1;0;12;17;1;9;25;0
430770;22;2;0;0;0;5;13;0;16;0;0;4;0;2;20;3;29;0;0
430780;31;2;0;1;3;0;22;0;15;0;1;1;1;14;19;1;36;1;0
430781;1;0;0;0;0;0;0;0;1;0;0;0;0;0;1;0;0;1;0
430790;69;3;1;2;0;0;40;0;35;1;3;3;0;25;43;0;36;39;0
430800;1;1;0;0;0;0;0;0;2;0;0;0;0;0;2;0;1;1;0
430805;4;0;0;0;0;0;3;0;1;0;0;0;0;0;2;2;0;4;0
430810;11;1;0;0;0;0;7;0;5;0;0;2;0;5;5;0;0;12;0
430820;13;0;1;1;0;2;10;0;7;0;0;0;0;7;10;0;4;13;0
430840;1;0;0;0;0;0;1;0;0;0;0;0;0;1;0;0;1;0;0
430850;55;0;0;1;0;1;26;0;31;1;1;0;0;15;39;1;44;13;0
430860;24;0;0;2;0;3;14;0;15;0;0;0;0;12;17;0;11;18;0
430890;73;1;0;1;1;1;47;0;30;0;1;0;0;27;48;1;4;73;0
430900;15;0;0;0;0;1;11;0;5;0;0;0;0;10;5;1;2;14;0
430910;42;0;0;0;0;1;23;0;20;2;3;0;0;17;21;0;19;24;0
430920;24;2;1;0;0;0;21;0;6;0;1;0;0;16;10;0;3;24;0
430930;2;0;0;0;0;0;0;0;2;0;0;0;0;0;2;0;2;0;0
430940;29;2;0;3;0;0;22;0;12;0;0;1;0;18;15;0;7;27;0
430950;1;0;0;0;0;0;1;0;0;0;0;0;0;1;0;0;1;0;0
430955;1;0;0;0;0;0;1;0;0;0;0;0;0;1;0;0;1;0;0
430960;8;0;0;0;0;0;7;0;1;0;0;0;0;1;2;5;4;4;0
430980;1;0;0;0;0;0;0;0;1;0;0;0;0;0;1;0;1;0;0
430990;0;0;0;0;1;0;0;0;1;0;0;0;0;0;1;0;1;0;0
431000;5;0;0;0;0;0;1;0;4;1;0;0;0;0;4;0;5;0;0
431010;12;1;0;0;0;0;7;0;6;0;2;2;0;2;6;1;11;2;0
431020;39;1;1;0;0;0;26;0;15;1;1;1;0;16;22;0;37;4;0
431030;2;0;0;0;0;0;1;0;1;0;0;0;0;0;2;0;2;0;0
431033;1;0;0;0;0;0;1;0;0;0;0;0;0;1;0;0;1;0;0
431046;1;0;0;0;0;0;0;0;1;0;0;0;0;0;1;0;0;1;0
431050;5;0;0;0;0;0;2;0;3;0;0;0;0;2;3;0;2;3;0
431060;72;0;1;6;0;7;46;0;40;0;3;3;0;35;44;1;9;76;1
431070;1;0;0;0;0;0;0;0;1;0;0;0;0;0;1;0;0;1;0
431080;39;0;0;0;0;5;24;0;20;1;3;1;0;10;25;4;30;14;0
431090;3;0;0;1;0;0;1;0;3;0;0;0;0;1;3;0;0;4;0
431100;7;1;0;0;0;0;4;0;4;0;0;0;0;4;4;0;5;3;0
431110;1;0;0;0;0;0;1;0;0;0;0;0;0;1;0;0;1;0;0
431112;2;0;0;0;0;0;2;0;0;0;0;0;0;2;0;0;0;2;0
431120;6;3;0;2;0;0;5;0;6;0;0;1;0;3;7;0;3;8;0
431130;8;0;0;1;0;0;6;0;3;0;1;0;0;4;4;0;8;1;0
431140;44;0;0;1;0;0;28;0;17;0;0;5;0;17;22;1;42;3;0
431162;3;0;0;0;0;0;1;0;2;0;0;0;0;1;2;0;1;2;0
431164;1;0;0;0;0;0;1;0;0;0;0;0;0;1;0;0;0;1;0
431180;10;0;0;1;0;0;5;0;6;0;0;2;0;2;7;0;10;1;0
431190;4;0;0;1;0;1;4;0;2;0;1;1;0;1;3;0;0;6;0
431200;3;0;0;0;0;0;2;0;1;0;0;0;0;1;2;0;1;2;0
431210;5;0;0;0;0;0;3;0;2;0;0;0;0;3;2;0;3;2;0
431215;1;0;0;0;0;0;1;0;0;0;0;0;0;1;0;0;0;1;0
431220;1;0;0;0;0;0;0;0;1;0;0;0;0;0;1;0;0;1;0
431238;1;0;0;0;0;0;1;0;0;0;0;0;0;0;1;0;0;1;0
431240;77;5;0;2;0;5;47;0;42;0;2;5;0;33;48;1;81;8;0
431250;1;0;0;0;0;0;1;0;0;0;1;0;0;0;0;0;1;0;0
431261;2;0;0;0;0;0;1;0;1;0;0;0;0;0;2;0;0;2;0
431265;20;0;0;1;0;1;11;0;11;0;0;0;0;9;13;0;22;0;0
431270;18;0;0;0;3;1;12;0;10;0;0;1;0;9;11;1;13;9;0
431280;1;0;0;0;0;0;0;0;1;0;0;0;0;0;1;0;0;1;0
431290;9;0;0;0;0;3;7;0;5;0;0;0;0;4;7;1;4;8;0
431300;1;0;0;0;0;0;1;0;0;0;0;0;0;1;0;0;1;0;0
431301;3;0;0;0;0;0;1;0;2;0;0;0;0;0;3;0;3;0;0
431308;1;0;0;0;0;0;0;0;1;0;0;0;0;0;1;0;0;1;0
431310;8;0;0;0;0;0;4;0;4;0;0;1;0;2;5;0;5;3;0
431320;12;0;0;0;0;0;9;0;3;0;0;0;0;7;5;0;6;6;0
431330;102;1;0;4;0;4;63;0;48;2;4;1;0;45;59;0;18;93;0
431335;1;0;0;0;0;0;0;0;1;0;0;0;0;0;1;0;0;1;0
431340;125;2;0;4;0;123;135;2;117;5;2;15;0;73;129;30;123;130;1
431350;11;1;0;0;2;1;7;0;8;0;1;1;0;2;11;0;13;2;0
431360;17;0;0;1;0;0;12;0;6;0;1;1;0;10;6;0;15;3;0
431370;6;0;0;0;0;0;5;0;1;0;0;0;0;5;1;0;3;3;0
431380;3;0;0;0;0;0;3;0;0;1;0;0;0;2;0;0;3;0;0
431390;1;0;0;0;0;0;1;0;0;0;0;0;0;1;0;0;1;0;0
431400;7;0;0;0;0;0;5;0;2;0;0;0;0;4;2;1;0;7;0
431405;8;1;0;0;0;0;5;0;4;0;1;0;0;2;5;1;8;1;0
431407;1;0;0;0;0;0;1;0;0;0;0;0;0;1;0;0;0;1;0
431410;214;2;0;16;4;0;115;0;121;2;11;9;0;71;143;0;233;3;0
431413;0;0;0;3;0;0;1;0;2;0;0;0;0;1;2;0;1;2;0
431420;1;1;0;0;0;0;0;0;2;0;0;0;0;0;2;0;0;2;0
431440;154;13;0;4;0;8;103;0;76;2;7;18;0;72;80;0;102;77;0
431442;6;0;0;0;0;0;3;0;3;0;0;0;0;2;4;0;0;6;0
431445;1;0;0;0;0;0;1;0;0;0;0;0;0;1;0;0;0;1;0
431450;1;0;0;0;0;0;0;0;1;0;0;0;0;0;1;0;0;1;0
431460;6;0;0;0;0;0;3;0;3;0;0;0;0;0;6;0;4;2;0
431470;7;0;0;0;4;0;6;0;5;1;0;1;0;4;5;0;11;0;0
431478;1;0;0;0;0;0;1;0;0;0;0;0;0;0;0;1;0;1;0
431480;4;0;0;0;0;0;2;0;2;0;0;0;0;2;2;0;0;4;0
431490;1257;103;7;86;11;102;780;0;786;18;35;46;5;432;1004;26;1449;117;0
431500;19;2;0;2;0;0;10;0;13;0;0;0;0;10;13;0;1;22;0
431505;1;0;0;0;0;0;0;0;1;0;0;0;0;0;1;0;0;1;0
431510;4;0;0;0;0;0;1;0;3;0;0;0;0;1;3;0;4;0;0
431514;7;0;0;0;0;1;3;0;5;1;0;0;0;2;5;0;6;2;0
431515;0;0;0;0;0;1;0;0;1;0;0;0;0;0;1;0;1;0;0
431520;1;0;0;0;0;0;0;0;1;0;0;0;0;0;1;0;1;0;0
431530;0;0;0;1;0;0;0;0;1;0;0;0;0;0;1;0;1;0;0
431531;2;0;0;0;0;0;2;0;0;0;0;0;0;0;0;2;1;1;0
431535;7;0;0;0;0;0;5;0;2;0;0;0;0;5;2;0;6;1;0
431545;1;0;0;0;0;0;1;0;0;0;0;0;0;0;1;0;1;0;0
431550;2;1;0;0;0;0;0;0;3;0;0;0;0;0;3;0;1;2;0
431560;88;5;0;4;0;8;58;0;47;0;4;4;0;39;56;2;48;57;0
431570;46;0;0;4;0;1;23;1;27;0;1;0;0;10;39;1;8;43;0
431580;3;1;0;0;0;0;2;0;2;0;1;0;0;1;2;0;4;0;0
431590;4;0;0;0;0;0;2;0;2;0;0;0;0;2;2;0;2;2;0
431595;1;0;0;0;0;0;1;0;0;0;0;0;0;1;0;0;0;1;0
431610;4;0;0;0;0;1;4;0;1;0;0;0;0;3;2;0;2;3;0
431640;21;1;0;3;0;1;13;0;13;2;1;4;0;5;14;0;12;14;0
431645;3;0;0;1;1;0;3;0;2;0;1;1;0;0;3;0;4;1;0
431660;19;0;0;0;3;0;8;0;14;0;0;0;0;7;15;0;21;1;0
431670;5;0;0;0;0;0;5;0;0;0;0;0;0;5;0;0;4;1;0
431680;330;9;1;1;0;14;173;0;182;3;7;5;1;83;255;1;56;299;0
431690;129;7;1;6;2;5;84;0;66;0;5;7;0;34;100;4;119;31;0
431710;37;1;0;4;0;3;22;0;23;0;2;1;0;16;26;0;13;32;0
431720;51;2;0;3;2;6;40;0;24;1;4;0;0;28;29;2;32;32;0
431725;1;0;0;0;0;0;1;0;0;0;0;0;0;1;0;0;0;1;0
431730;15;0;0;2;0;2;8;0;11;1;1;0;0;2;12;3;5;14;0
431740;40;0;0;3;1;4;29;0;19;1;2;3;0;13;29;0;18;30;0
431750;34;0;0;1;0;0;21;0;14;1;0;0;0;16;18;0;32;3;0
431760;11;0;0;1;0;2;7;0;7;0;1;0;0;4;9;0;14;0;0
431770;1;0;0;0;0;0;1;0;0;0;0;0;0;1;0;0;1;0;0
431790;4;0;0;0;0;0;3;0;1;0;0;0;0;2;1;1;4;0;0
431800;82;0;0;2;0;0;33;0;51;0;0;0;0;32;52;0;25;59;0
431805;1;0;0;0;0;0;0;0;1;0;0;0;0;0;1;0;1;0;0
431810;26;0;0;1;0;0;17;0;10;0;0;0;0;15;12;0;4;23;0
431830;182;19;1;29;0;2;127;0;106;5;5;5;0;90;128;0;31;202;0
431840;22;0;0;0;0;0;16;0;6;0;0;0;0;11;11;0;18;4;0
431846;1;0;0;0;0;0;1;0;0;0;0;0;0;1;0;0;1;0;0
431848;1;0;0;0;0;0;0;0;1;0;0;0;0;0;1;0;1;0;0
431849;2;0;0;0;0;0;0;0;2;0;0;0;0;0;2;0;0;2;0
431850;10;1;0;1;0;0;3;0;9;0;2;0;0;1;9;0;1;11;0
431860;12;0;0;0;0;0;7;0;5;0;0;0;0;6;5;1;12;0;0
431861;1;0;0;0;0;0;1;0;0;0;0;0;0;1;0;0;1;0;0
431862;1;0;0;0;0;0;1;0;0;0;0;1;0;0;0;0;1;0;0
431870;338;6;0;5;0;22;218;0;153;6;18;17;2;66;212;50;40;331;0
431880;22;0;0;0;0;1;6;0;17;0;0;0;0;4;19;0;7;16;0
431890;80;0;1;3;0;1;35;0;50;0;0;1;0;33;51;0;77;7;1
431900;10;0;0;0;0;0;4;0;6;1;0;1;0;1;6;1;2;8;0
431915;2;0;0;0;1;0;3;0;0;0;0;0;0;2;1;0;2;1;0
431940;3;0;0;0;0;0;1;0;2;0;0;1;0;0;2;0;3;0;0
431950;6;0;0;1;0;0;2;0;5;0;0;0;0;2;5;0;6;1;0
431960;8;0;0;1;0;0;6;0;3;0;1;0;0;2;5;1;0;9;0
431980;4;0;0;0;0;0;3;0;1;0;0;0;0;3;1;0;2;2;0
431990;73;1;0;2;0;0;50;0;26;0;3;4;1;33;28;7;47;29;0
432000;71;6;0;0;0;0;43;0;34;1;4;2;0;28;42;0;71;6;0
432020;13;0;0;0;0;0;7;0;6;0;0;0;0;4;9;0;2;11;0
432026;1;0;0;0;0;0;0;0;1;0;0;0;0;0;1;0;1;0;0
432030;1;0;0;0;0;0;0;0;1;0;0;0;0;0;1;0;1;0;0
432032;1;0;0;1;0;0;1;0;1;0;0;0;0;1;1;0;1;1;0
432040;2;0;0;1;0;0;1;0;2;0;0;0;0;0;3;0;3;0;0
432060;1;0;0;0;0;0;0;0;1;0;0;0;0;0;1;0;1;0;0
432080;28;1;0;1;0;0;17;0;13;0;2;4;0;10;14;0;28;2;0
432090;6;0;0;0;1;0;2;0;5;0;0;0;0;0;6;1;7;0;0
432100;5;0;0;0;0;0;3;0;2;0;0;0;0;2;3;0;5;0;0
432110;1;0;0;0;0;0;0;0;1;0;0;0;0;0;1;0;1;0;0
432120;1;0;0;0;0;0;1;0;0;0;0;0;0;1;0;0;0;1;0
432130;2;0;0;0;0;0;2;0;0;0;0;0;0;2;0;0;1;1;0
432132;5;1;0;0;0;0;2;0;4;0;0;1;0;0;4;1;3;3;0
432140;13;0;0;1;8;1;10;0;13;0;0;0;0;10;11;2;15;8;0
432145;21;0;0;0;0;0;9;0;12;0;0;0;0;7;14;0;20;1;0
432147;1;0;0;0;0;0;0;0;1;0;0;0;0;0;1;0;0;1;0
432150;15;2;0;0;0;0;11;0;6;1;3;0;1;6;6;0;15;2;0
432160;16;0;0;0;0;3;12;0;7;0;1;2;0;5;9;2;18;1;0
432163;3;0;0;0;0;0;1;0;2;0;0;0;0;0;2;1;1;2;0
432180;24;0;1;5;0;0;18;0;12;0;0;3;0;11;14;2;8;22;0
432190;39;1;0;0;0;1;26;0;15;2;1;0;0;7;26;5;25;16;0
432200;9;1;0;1;0;1;6;0;6;0;0;1;0;4;7;0;8;4;0
432210;62;0;0;3;0;0;30;0;35;1;1;0;0;27;36;0;2;63;0
432220;2;0;0;0;0;0;1;0;1;0;0;0;0;1;1;0;2;0;0
432225;2;0;0;0;0;1;2;0;1;0;0;0;0;1;1;1;0;3;0
432230;4;0;0;0;0;0;2;0;2;0;0;0;0;2;2;0;0;4;0
432240;152;2;0;4;0;0;87;0;71;1;2;7;0;34;113;1;74;84;0
432250;127;2;0;10;0;3;84;0;58;2;4;6;0;61;67;2;69;73;0
432253;2;0;0;2;0;0;1;0;3;0;0;0;0;1;3;0;2;2;0
432260;27;3;0;0;0;3;14;0;19;0;2;2;0;3;26;0;12;21;0
432270;11;0;0;0;0;0;7;0;4;0;0;0;0;5;6;0;4;7;0
432280;29;2;0;1;0;1;19;0;14;0;1;2;0;13;17;0;32;1;0
432290;4;0;0;0;0;0;1;0;3;0;0;0;0;0;4;0;0;4;0
432300;28;4;0;5;6;3;24;0;22;0;0;0;1;11;34;0;12;34;0
432310;2;0;0;0;0;0;1;0;1;0;0;0;0;1;1;0;1;1;0
432320;1;0;0;0;0;0;0;0;1;0;0;0;0;0;1;0;1;0;0
432330;2;0;0;0;0;0;0;0;2;0;0;0;0;0;2;0;0;2;0
432345;6;0;0;0;0;1;3;0;4;1;0;0;0;1;5;0;4;3;0
432360;1;0;0;0;0;0;1;0;0;0;0;0;0;0;1;0;0;1;0
432370;0;0;0;0;0;1;0;0;1;0;0;0;0;0;1;0;1;0;0
500060;1;0;0;1;0;0;1;0;1;0;0;0;0;1;1;0;1;1;0
500070;0;0;0;1;0;0;1;0;0;0;0;0;0;1;0;0;1;0;0
500080;2;0;0;2;0;0;3;0;1;0;0;0;0;2;2;0;3;1;0
500110;1;0;1;1;0;0;2;0;1;0;0;0;0;2;1;0;2;1;0
500124;1;0;0;0;0;0;1;0;0;0;0;0;0;1;0;0;1;0;0
500190;1;0;0;1;0;1;2;0;1;0;0;0;0;2;1;0;3;0;0
500210;3;0;0;2;0;0;4;0;1;0;1;0;0;2;2;0;3;2;0
500220;0;0;0;1;0;0;1;0;0;0;0;0;0;1;0;0;0;1;0
500240;2;0;0;0;3;0;4;0;1;0;1;0;0;1;3;0;1;4;0
500260;1;0;0;0;0;0;1;0;0;0;0;0;0;1;0;0;1;0;0
500270;111;5;2;28;2;28;98;0;78;6;4;6;0;68;88;4;127;49;0
500295;3;0;1;0;0;1;2;0;3;0;0;0;0;2;3;0;2;3;0
500320;6;1;0;7;0;0;9;0;5;0;1;1;0;5;7;0;8;6;0
500325;3;1;0;0;0;2;2;0;4;0;0;0;0;1;5;0;4;2;0
500345;1;0;0;0;0;0;0;0;1;0;0;0;0;0;1;0;0;1;0
500370;35;2;1;3;2;2;25;0;20;0;0;1;0;17;26;1;41;4;0
500375;1;0;0;0;0;0;0;0;1;0;0;0;0;0;1;0;1;0;0
500380;1;0;0;0;0;0;0;0;1;0;0;0;0;0;1;0;1;0;0
500430;2;0;0;0;0;0;2;0;0;0;0;0;0;1;1;0;1;1;0
500440;1;1;0;0;0;1;2;0;1;0;0;0;0;1;2;0;3;0;0
500450;2;0;0;0;0;0;1;0;1;0;0;0;0;1;1;0;0;2;0
500520;4;0;0;4;0;1;2;0;7;0;0;0;0;2;7;0;5;4;0
500540;3;0;0;0;0;1;1;0;3;0;0;0;0;1;3;0;3;1;0
500568;5;0;0;0;0;1;4;0;2;0;0;0;0;3;2;1;4;2;0
500570;0;1;0;1;0;0;0;0;2;0;0;0;0;0;2;0;0;2;0
500620;3;0;0;0;0;0;1;0;2;0;0;0;0;1;2;0;1;2;0
500630;1;0;0;0;0;0;1;0;0;0;0;0;0;1;0;0;1;0;0
500660;9;0;0;5;0;0;11;0;3;1;2;1;0;6;3;1;9;5;0
500690;0;0;0;0;1;0;0;0;1;0;0;0;0;0;1;0;1;0;0
500769;6;0;0;0;0;1;1;0;6;1;0;0;0;0;6;0;2;5;0
500790;8;0;0;3;0;0;10;0;1;0;2;0;0;8;1;0;6;5;0
500793;0;0;0;1;0;0;1;0;0;0;1;0;0;0;0;0;0;1;0
500800;1;0;0;0;0;0;1;0;0;0;0;0;0;1;0;0;1;0;0
500830;7;2;0;10;0;4;16;0;7;1;0;2;0;6;13;1;22;1;0
510025;2;0;0;0;1;0;1;0;2;0;0;0;0;1;2;0;3;0;0
510030;1;0;0;1;0;0;2;0;0;0;0;1;0;1;0;0;0;2;0
510125;1;0;0;0;0;0;1;0;0;0;0;0;0;1;0;0;1;0;0
510180;5;0;0;2;9;1;10;0;7;0;0;0;0;5;11;1;16;1;0
510250;2;1;0;3;0;0;6;0;0;0;1;0;0;4;1;0;6;0;0
510260;1;0;0;1;11;0;5;0;8;0;0;0;0;1;12;0;13;0;0
510263;2;0;0;4;0;0;2;0;4;0;0;0;0;2;4;0;6;0;0
510267;10;0;0;7;0;0;10;0;7;0;0;0;0;5;12;0;3;14;0
510320;0;0;0;1;5;0;4;0;2;0;0;0;0;1;5;0;5;1;0
510340;80;18;3;51;1;7;100;0;60;1;10;17;1;61;70;0;97;62;1
510410;1;0;0;0;0;0;0;0;1;0;0;0;0;0;1;0;1;0;0
510480;2;1;0;2;0;0;3;0;2;0;0;0;0;2;2;1;0;5;0
510525;32;2;1;12;0;1;32;0;16;0;5;1;0;25;17;0;11;36;1
510622;4;1;0;4;0;0;6;0;3;0;1;1;0;4;3;0;1;7;1
510677;1;0;0;0;0;0;0;0;1;0;0;0;0;0;1;0;0;1;0
510704;9;1;0;6;0;2;7;0;11;0;0;2;0;2;13;1;12;6;0
510740;0;1;0;0;0;0;0;0;1;0;0;0;0;0;1;0;1;0;0
510760;12;0;0;14;0;2;18;0;10;0;3;2;0;13;10;0;21;7;0
510787;1;0;0;1;0;0;2;0;0;0;1;1;0;0;0;0;2;0;0
510790;10;2;1;2;0;1;14;0;2;0;2;1;0;11;2;0;14;2;0
510792;12;0;0;6;0;0;9;0;9;0;0;0;0;8;10;0;14;4;0
510795;4;1;0;2;0;0;6;0;1;0;0;0;0;1;6;0;5;2;0
510840;1;0;0;2;0;0;3;0;0;0;0;0;0;2;0;1;3;0;0
520005;1;0;0;0;0;0;1;0;0;0;0;0;0;1;0;0;0;1;0
520025;0;0;0;3;1;1;2;0;3;0;0;0;0;0;4;1;0;5;0
520030;2;0;0;0;0;0;1;0;1;0;0;0;0;0;2;0;0;2;0
520110;22;7;0;39;0;10;38;0;40;0;1;2;2;26;44;3;17;56;5
520130;1;0;0;0;0;0;1;0;0;0;0;0;0;1;0;0;0;1;0
520140;4;2;0;7;0;3;8;0;8;0;0;1;0;2;8;5;10;5;1
520180;1;0;0;0;0;0;1;0;0;0;0;0;0;1;0;0;0;0;1
520330;11;0;1;12;0;3;16;0;11;1;0;1;0;8;13;4;4;23;0
520350;0;0;0;1;0;0;0;0;1;0;0;0;0;0;1;0;1;0;0
520390;1;0;0;0;0;0;0;0;1;0;0;0;0;0;1;0;0;1;0
520425;1;0;0;0;0;0;0;0;1;0;0;0;0;0;1;0;0;1;0
520430;1;0;0;0;0;0;0;0;1;0;0;0;0;0;1;0;1;0;0
520450;4;0;0;6;0;0;6;0;4;0;0;1;0;3;6;0;6;4;0
520465;0;0;0;1;0;0;0;0;1;0;0;0;0;0;1;0;0;1;0
520490;0;0;0;2;0;0;0;0;2;0;0;0;0;0;2;0;2;0;0
520510;11;2;0;5;0;5;16;0;7;1;0;1;0;6;9;6;5;18;0
520540;23;1;0;11;0;4;23;0;16;2;1;0;0;16;19;1;17;19;3
520545;1;0;0;0;0;0;1;0;0;0;0;0;0;1;0;0;1;0;0
520551;0;1;0;0;0;0;1;0;0;1;0;0;0;0;0;0;0;1;0
520580;1;0;0;0;0;0;1;0;0;0;0;0;0;0;1;0;1;0;0
520590;1;0;0;0;0;0;1;0;0;0;0;0;0;0;1;0;0;1;0
520740;1;0;0;0;0;4;2;0;3;0;0;0;0;1;3;1;5;0;0
520800;0;0;0;4;0;0;2;0;2;0;0;1;0;1;2;0;0;3;1
520860;0;1;1;0;0;0;1;0;1;0;0;0;0;1;1;0;0;2;0
520870;457;48;9;264;10;267;589;0;466;30;54;48;2;199;642;80;787;169;99
520880;0;0;0;0;0;1;1;0;0;0;0;0;0;0;0;1;1;0;0
520890;0;0;0;1;0;0;0;0;1;0;0;0;0;0;1;0;0;1;0
520910;1;0;0;2;0;0;3;0;0;0;0;0;0;2;0;1;2;1;0
520970;2;0;0;0;0;0;0;0;2;0;0;0;0;0;2;0;0;2;0
521000;0;0;0;1;0;0;1;0;0;0;0;0;0;1;0;0;0;1;0
521020;0;0;0;0;0;1;1;0;0;0;0;0;0;0;0;1;0;0;1
521040;2;0;0;2;0;0;3;0;1;0;0;1;0;0;2;1;2;2;0
521090;1;0;0;0;0;0;1;0;0;0;0;0;0;1;0;0;0;1;0
521130;0;0;0;1;0;0;1;0;0;0;0;0;0;0;0;1;1;0;0
521150;10;0;1;2;0;4;7;0;10;0;0;1;0;3;13;0;7;9;1
521160;0;0;0;1;0;0;0;0;1;0;0;0;0;0;1;0;1;0;0
521180;0;1;0;3;0;0;3;0;1;1;1;0;0;1;1;0;1;3;0
521190;8;0;0;6;0;2;12;0;4;0;1;0;0;8;7;0;4;10;2
521230;1;0;0;0;0;0;0;0;1;0;0;0;0;0;1;0;0;1;0
521250;1;0;0;2;0;1;2;0;2;0;0;0;0;2;2;0;1;3;0
521295;0;0;0;1;0;0;0;0;1;0;0;0;0;0;1;0;1;0;0
521308;15;1;0;5;0;2;10;0;13;0;0;0;0;1;19;3;0;23;0
521310;8;2;0;5;0;1;11;0;5;0;1;0;0;7;7;1;4;12;0
521375;1;1;0;0;1;0;1;0;2;0;0;0;0;1;2;0;3;0;0
521380;3;0;0;0;0;0;3;0;0;0;1;0;0;1;1;0;0;3;0
521450;8;1;0;3;0;1;7;0;6;0;1;1;0;3;6;2;3;9;1
521483;2;0;0;0;0;0;2;0;0;0;0;0;0;2;0;0;2;0;0
521640;0;0;0;1;0;0;1;0;0;0;0;0;0;1;0;0;0;1;0
521710;2;0;0;0;0;1;0;0;3;0;0;0;0;0;3;0;1;1;1
521740;0;0;0;1;0;0;1;0;0;0;0;0;0;1;0;0;0;1;0
521760;0;0;0;1;0;1;1;0;1;0;0;0;0;0;1;1;0;2;0
521800;0;2;0;0;0;0;2;0;0;0;0;0;0;2;0;0;0;2;0
521850;3;0;0;2;0;0;4;0;1;0;0;0;0;2;1;2;4;0;1
521880;11;0;0;5;0;4;10;0;10;0;0;0;0;4;15;1;6;9;5
521900;1;1;0;0;0;0;1;0;1;0;0;0;0;1;1;0;2;0;0
521925;0;0;0;1;0;0;1;0;0;0;0;0;0;1;0;0;1;0;0
521930;1;0;0;1;0;1;1;0;2;0;0;0;0;0;2;1;3;0;0
521935;1;0;0;0;0;0;0;0;1;0;0;0;0;0;1;0;1;0;0
522010;2;0;0;0;0;0;1;0;1;0;0;0;0;1;1;0;1;1;0
522020;1;0;0;0;0;0;1;0;0;0;0;0;0;1;0;0;0;1;0
522040;0;1;0;1;0;0;2;0;0;0;0;0;0;1;1;0;0;2;0
522045;3;1;0;2;0;1;3;0;4;0;0;0;0;3;4;0;1;5;1
522140;1;1;0;1;0;0;1;0;2;0;0;0;0;1;2;0;0;1;2
522155;0;0;0;1;0;0;1;0;0;0;0;0;0;0;0;1;1;0;0
522185;0;0;0;1;0;0;1;0;0;0;0;0;0;1;0;0;0;1;0
522200;1;0;1;5;0;0;6;0;1;0;0;0;0;2;5;0;3;4;0
530010;1035;54;17;509;7;87;999;3;707;47;71;70;3;644;821;53;1482;211;16
